"ACCURACY";"CHECKED";"CODE";"COORDINATES";"CREATEDAT";"DATE";"DESCRIPTION";"EMPTY";"NUMBER";"PHOTOS";"ROI";"TEMPERATURE";"TYPE";"UPDATEDAT";"WIND";"_ID";"__V"
"3.9000000953674316";"true";"1";"8.55104";"Thu Jun 11 16:51:28 CEST 2020";"Thu Jun 11 16:51:28 CEST 2020";"WGS 84";"false";"5";"uploads/98f41d5e-5c8c-415d-9f05-262db0639ea4.jpeg";"000000000000000000000002";"16.8";"Point";"Sun Dec 20 10:35:04 CET 2020";"0.7";"5ee244f05f2183a2eccceebc";"0"
"3.9000000953674316";"";"1";"8.5509167";"Thu Jun 11 16:56:24 CEST 2020";"Thu Jun 11 16:56:24 CEST 2020";"WGS 84";"false";"";"uploads/62b33e97-1698-4827-b4e2-25fb1a7370cc.jpeg";"000000000000000000000002";"17.2";"Point";"Mon Feb 08 09:07:42 CET 2021";"0.7";"5ee246185f2183a2eccceebd";"0"
"4.698342323303223";"";"1";"8.90487621";"Sun Jul 05 10:59:23 CEST 2020";"Sun Jul 05 10:59:23 CEST 2020";"WGS 84";"false";"";"uploads/b7a5daf0-b1ac-46f3-aeed-1af70bc3d97a.jpeg";"000000000000000000000006";"24.9";"Point";"Mon Feb 01 20:55:38 CET 2021";"2.1";"5f01966bd2e41ca86d59a6b4";"0"
"5.309909820556641";"";"1";"8.90490739";"Sun Jul 05 11:30:05 CEST 2020";"Sun Jul 05 11:30:05 CEST 2020";"WGS 84";"false";"";"uploads/e0cbcecb-101d-40d9-a2f1-d3552fba8ea4.jpeg";"000000000000000000000006";"25.8";"Point";"Sun Jul 05 11:30:05 CEST 2020";"2.1";"5f019d9dd2e41ca86d59a6b5";"0"
"9.648000717163086";"";"1";"8.9051842";"Sun Jul 05 11:49:59 CEST 2020";"Sun Jul 05 11:49:59 CEST 2020";"WGS 84";"false";"";"uploads/bf1e85b9-83b8-43da-9693-6be5ff1d978a.jpeg";"000000000000000000000006";"26.0";"Point";"Sun Jul 05 11:49:59 CEST 2020";"2.1";"5f01a247d2e41ca86d59a6b7";"0"
"3.9000000953674316";"";"1";"8.546155";"Thu Jul 09 16:33:20 CEST 2020";"Thu Jul 09 16:33:20 CEST 2020";"WGS 84";"false";"";"uploads/a6273a3b-85a2-4201-bbd7-278c07138ddb.jpeg";"000000000000000000000002";"28.4";"Point";"Thu Jul 09 16:33:20 CEST 2020";"1.3";"5f072ab0d2e41ca86d59a6b8";"0"
"4.97";"";"1";"8.661603927612306";"Thu Jul 09 20:04:44 CEST 2020";"Thu Jul 09 20:04:44 CEST 2020";"WGS 84";"false";"";"uploads/f15f66b8-caf4-40bd-a9da-5cc8a1c6bbd8.jpeg";"000000000000000000000003";"27.0";"Point";"Wed Feb 03 12:32:47 CET 2021";"0.9";"5f075c3cd2e41ca86d59a6b9";"0"
"19.315000534057617";"";"1";"9.0765861";"Mon Jul 13 17:11:52 CEST 2020";"Mon Jul 13 17:11:52 CEST 2020";"WGS 84";"false";"";"uploads/13a585dc-2646-4ff8-a20d-10df9ac5f0b3.jpeg";"000000000000000000000001";"24.8";"Point";"Mon Jul 13 17:11:52 CEST 2020";"1.8";"5f0c79b8d2e41ca86d59a6bb";"0"
"9.144000053405762";"";"1";"8.5475176";"Thu Jul 16 13:50:00 CEST 2020";"Thu Jul 16 13:50:00 CEST 2020";"WGS 84";"false";"";"uploads/4eb777cb-7665-48a3-b90f-726bd6344e96.jpeg";"000000000000000000000002";"26.0";"Point";"Thu Jul 16 13:50:00 CEST 2020";"1.8";"5f103ee8d2e41ca86d59a6bc";"0"
"4.006999969482422";"";"1";"9.2041286";"Fri Jul 24 09:20:36 CEST 2020";"Fri Jul 24 09:20:36 CEST 2020";"WGS 84";"";"";"uploads/3ccd6f9f-5dab-4676-b340-1f2a15de8d8d.jpeg";"000000000000000000000001";"16.3";"Point";"Fri Jul 24 09:20:36 CEST 2020";"1.0";"5f1a8bc4d2e41ca86d59a6be";"0"
"19.0";"";"1";"9.0683005";"Sun Jul 26 20:31:29 CEST 2020";"Sun Jul 26 20:31:29 CEST 2020";"WGS 84";"";"";"uploads/48280480-36e0-4f1a-afc1-c03091e38f70.jpeg";"000000000000000000000001";"27.9";"Point";"Sun Jul 26 20:31:29 CEST 2020";"0.5";"5f1dcc01d2e41ca86d59a6bf";"0"
"15.145999908447266";"";"1";"9.078935";"Sun Jul 26 20:45:24 CEST 2020";"Sun Jul 26 20:45:24 CEST 2020";"WGS 84";"false";"";"uploads/25e04a09-f40d-456b-a853-fb901d30389a.jpeg";"000000000000000000000001";"30.0";"Point";"Mon Feb 01 18:21:10 CET 2021";"0.9";"5f1dcf44d2e41ca86d59a6c0";"0"
"59.104000091552734";"";"1";"9.2028046";"Mon Jul 27 11:14:19 CEST 2020";"Mon Jul 27 11:14:19 CEST 2020";"WGS 84";"";"";"uploads/ae22ef32-3e43-468a-bc0d-30284e591b29.jpeg";"000000000000000000000001";"22.3";"Point";"Mon Jul 27 11:14:19 CEST 2020";"1.0";"5f1e9aebd2e41ca86d59a6c1";"0"
"3.9000000953674316";"";"1";"9.0830454";"Fri Jul 31 20:21:13 CEST 2020";"Fri Jul 31 20:21:13 CEST 2020";"WGS 84";"false";"";"uploads/ad9a0424-0490-4b69-b035-e12430494e3a.jpeg";"000000000000000000000001";"30.1";"Point";"Fri Jul 31 20:21:13 CEST 2020";"0.5";"5f246119d2e41ca86d59a6c2";"0"
"9.45300006866455";"";"1";"9.2041867";"Sat Aug 01 11:47:52 CEST 2020";"Sat Aug 01 11:47:52 CEST 2020";"WGS 84";"false";"";"uploads/29bdb799-3d3e-4bf0-bef7-df19db2ac02c.jpeg";"000000000000000000000001";"29.6";"Point";"Sat Aug 01 11:47:52 CEST 2020";"1.5";"5f253a48d2e41ca86d59a6c3";"0"
"484.3609924316406";"";"1";"9.2028918";"Sun Aug 02 15:31:57 CEST 2020";"Sun Aug 02 15:31:57 CEST 2020";"WGS 84";"false";"";"uploads/a2587a29-23a5-406f-a3e4-a1bf05cdad77.jpeg";"000000000000000000000001";"30.3";"Point";"Sun Aug 02 15:31:57 CEST 2020";"3.1";"5f26c04dd2e41ca86d59a6c4";"0"
"4.072000026702881";"";"1";"9.2022754";"Sun Aug 02 15:33:02 CEST 2020";"Sun Aug 02 15:33:02 CEST 2020";"WGS 84";"";"";"uploads/74d3ab1d-9aeb-440d-9589-e0bceda6c412.jpeg";"000000000000000000000001";"30.3";"Point";"Sun Aug 02 15:33:02 CEST 2020";"3.1";"5f26c08ed2e41ca86d59a6c5";"0"
"84.2249984741211";"";"1";"9.2006639";"Sun Aug 02 15:35:12 CEST 2020";"Sun Aug 02 15:35:12 CEST 2020";"WGS 84";"";"";"uploads/5c6c3979-2b92-4527-9b3e-c61a3987e5fb.jpeg";"000000000000000000000001";"30.3";"Point";"Sun Aug 02 15:35:12 CEST 2020";"3.1";"5f26c110d2e41ca86d59a6c6";"0"
"4.9079999923706055";"";"1";"9.2004551";"Sun Aug 02 15:36:15 CEST 2020";"Sun Aug 02 15:36:15 CEST 2020";"WGS 84";"false";"";"uploads/b232d551-19fb-4452-8516-c28fb60e9814.jpeg";"000000000000000000000001";"30.3";"Point";"Sun Aug 02 15:36:15 CEST 2020";"3.1";"5f26c14fd2e41ca86d59a6c7";"0"
"20.558000564575195";"";"1";"9.1968279";"Sun Aug 02 15:40:37 CEST 2020";"Sun Aug 02 15:40:37 CEST 2020";"WGS 84";"";"";"uploads/f05c25c1-4248-40c0-9e24-6fda9a792241.jpeg";"000000000000000000000001";"30.3";"Point";"Sun Aug 02 15:40:37 CEST 2020";"3.1";"5f26c255d2e41ca86d59a6c8";"0"
"388.2250061035156";"";"1";"9.1917191";"Sun Aug 02 15:47:36 CEST 2020";"Sun Aug 02 15:47:36 CEST 2020";"WGS 84";"";"";"uploads/bac3bd21-e1bb-459b-92ab-2901bd87fa32.jpeg";"000000000000000000000001";"30.3";"Point";"Sun Aug 02 15:47:36 CEST 2020";"3.1";"5f26c3f8d2e41ca86d59a6c9";"0"
"92.9000015258789";"";"1";"9.1897551";"Sun Aug 02 15:50:13 CEST 2020";"Sun Aug 02 15:50:13 CEST 2020";"WGS 84";"false";"";"uploads/c79ddb8a-773d-4828-b182-6b966d546397.jpeg";"000000000000000000000001";"30.3";"Point";"Sun Aug 02 15:50:13 CEST 2020";"3.1";"5f26c495d2e41ca86d59a6ca";"0"
"3.9000000953674316";"true";"1";"9.1883915";"Sun Aug 02 16:19:55 CEST 2020";"Sun Aug 02 16:19:55 CEST 2020";"WGS 84";"false";"4";"uploads/5f74042e-411f-49f0-8b89-7cd828243def.jpeg";"000000000000000000000001";"30.6";"Point";"Sun Aug 02 16:19:55 CEST 2020";"4.1";"5f26cb8bd2e41ca86d59a6cc";"0"
"3.9030001163482666";"";"1";"9.1960311";"Sun Aug 02 16:33:28 CEST 2020";"Sun Aug 02 16:33:28 CEST 2020";"WGS 84";"false";"";"uploads/c18748fb-ed61-41a0-a277-e8f2d812f68d.jpeg";"000000000000000000000001";"30.4";"Point";"Sun Aug 02 16:33:28 CEST 2020";"4.1";"5f26ceb8d2e41ca86d59a6cd";"0"
"72.9000015258789";"true";"1";"9.1957912";"Sun Aug 02 16:36:07 CEST 2020";"Sun Aug 02 16:36:07 CEST 2020";"WGS 84";"false";"6";"uploads/2cc23ec9-b4f4-4046-94c3-b05ee97ae24b.jpeg";"000000000000000000000001";"30.2";"Point";"Sun Aug 02 16:36:07 CEST 2020";"4.1";"5f26cf57d2e41ca86d59a6ce";"0"
"1700.0";"";"1";"9.2012342";"Sun Aug 02 16:44:17 CEST 2020";"Sun Aug 02 16:44:17 CEST 2020";"WGS 84";"false";"";"uploads/ba4680c6-112c-46b0-b0b0-f8b73befafab.jpeg";"000000000000000000000001";"30.2";"Point";"Sun Aug 02 16:44:17 CEST 2020";"4.1";"5f26d141d2e41ca86d59a6cf";"0"
"43.81999969482422";"";"1";"9.2042268";"Sun Aug 02 17:01:32 CEST 2020";"Sun Aug 02 17:01:32 CEST 2020";"WGS 84";"false";"";"uploads/d675342e-d00b-4824-a44d-62ee62d75ac2.jpeg";"000000000000000000000001";"30.4";"Point";"Sun Aug 02 17:01:32 CEST 2020";"3.6";"5f26d54cd2e41ca86d59a6d0";"0"
"27.094999313354492";"";"1";"9.2042114";"Sun Aug 02 18:46:21 CEST 2020";"Sun Aug 02 18:46:21 CEST 2020";"WGS 84";"false";"";"uploads/19d3f550-0f00-4b80-94c7-246060ba82c1.jpeg";"000000000000000000000001";"28.7";"Point";"Sun Aug 02 18:46:21 CEST 2020";"2.6";"5f26edddd2e41ca86d59a6d1";"0"
"3.933000087738037";"";"1";"9.2042082";"Sun Aug 02 19:01:55 CEST 2020";"Sun Aug 02 19:01:55 CEST 2020";"WGS 84";"false";"";"uploads/6bfbf522-381c-4d63-ab7a-2833d219f869.jpeg";"000000000000000000000001";"27.9";"Point";"Sun Aug 02 19:01:55 CEST 2020";"1.5";"5f26f183d2e41ca86d59a6d2";"0"
"9.648000717163086";"";"1";"9.38751023";"Tue Aug 04 08:56:36 CEST 2020";"Tue Aug 04 08:56:36 CEST 2020";"WGS 84";"false";"";"uploads/1e300113-8394-419e-a4e3-8952b1d40b13.jpeg";"";"20.8";"Point";"Tue Aug 04 08:56:36 CEST 2020";"4.0";"5f2906a4d2e41ca86d59a6d3";"0"
"3.9000000953674316";"";"1";"9.2040714";"Fri Aug 07 09:33:53 CEST 2020";"Fri Aug 07 09:33:53 CEST 2020";"WGS 84";"false";"";"uploads/a32dd4c7-9862-4e11-b199-985cee9d8af0.jpeg";"000000000000000000000001";"20.8";"Point";"Fri Aug 07 09:33:53 CEST 2020";"0.5";"5f2d03e1d2e41ca86d59a6d4";"0"
"8.748000144958496";"";"1";"9.2041231";"Sat Aug 08 09:26:35 CEST 2020";"Sat Aug 08 09:26:35 CEST 2020";"WGS 84";"false";"";"uploads/83712b2c-cb59-462a-bd5e-7602e17295dc.jpeg";"000000000000000000000001";"22.8";"Point";"Sat Aug 08 09:26:35 CEST 2020";"0.5";"5f2e53abd2e41ca86d59a6d5";"0"
"0.0";"";"1";"11.906070272525541";"Mon Aug 10 16:19:48 CEST 2020";"Mon Aug 10 16:19:48 CEST 2020";"WGS 84";"false";"";"";"";"35.3";"Point";"Mon Aug 10 16:19:48 CEST 2020";"6.7";"5f315784d2e41ca86d59a6d7";"0"
"6.440999984741211";"";"1";"9.2075245";"Mon Aug 10 16:34:56 CEST 2020";"Mon Aug 10 16:34:56 CEST 2020";"WGS 84";"false";"";"";"000000000000000000000001";"31.5";"Point";"Mon Aug 10 16:34:56 CEST 2020";"3.6";"5f315b10d2e41ca86d59a6d8";"0"
"10.244000434875488";"";"1";"9.1767326";"Mon Aug 10 20:07:00 CEST 2020";"Mon Aug 10 20:07:00 CEST 2020";"WGS 84";"";"";"";"000000000000000000000001";"25.3";"Point";"Mon Aug 10 20:07:00 CEST 2020";"3.6";"5f318cc4d2e41ca86d59a6d9";"0"
"4.0";"";"1";"9.1776848";"Mon Aug 10 20:10:57 CEST 2020";"Mon Aug 10 20:10:57 CEST 2020";"WGS 84";"false";"";"";"000000000000000000000001";"25.1";"Point";"Mon Aug 10 20:10:57 CEST 2020";"3.6";"5f318db1d2e41ca86d59a6da";"0"
"164.9320068359375";"";"1";"9.25963";"Wed Aug 12 10:44:43 CEST 2020";"Wed Aug 12 10:44:43 CEST 2020";"WGS 84";"false";"";"uploads/75040052-72dc-4766-b762-84eeec5bc0a4.jpeg";"000000000000000000000001";"25.2";"Point";"Wed Aug 12 10:44:43 CEST 2020";"0.9";"5f33abfbd2e41ca86d59a6db";"0"
"3.2160000801086426";"";"1";"9.31299005";"Wed Aug 12 16:00:12 CEST 2020";"Wed Aug 12 16:00:12 CEST 2020";"WGS 84";"";"";"";"000000000000000000000001";"30.8";"Point";"Wed Aug 12 16:00:12 CEST 2020";"0.9";"5f33f5ecd2e41ca86d59a6dc";"0"
"0.0";"";"1";"9.067422151565554";"Thu Aug 13 23:49:50 CEST 2020";"Thu Aug 13 23:49:50 CEST 2020";"WGS 84";"";"";"uploads/dbdf3e83-eb06-4d99-8e72-e336042b6fb2.jpeg";"000000000000000000000001";"21.8";"Point";"Thu Aug 13 23:49:50 CEST 2020";"0.5";"5f35b57ed2e41ca86d59a6dd";"0"
"4.747000217437744";"";"1";"8.9078352";"Mon Aug 17 14:09:49 CEST 2020";"Mon Aug 17 14:09:49 CEST 2020";"WGS 84";"false";"";"uploads/7ec2a9d6-727f-47ec-9291-8a4e3df302e9.jpeg";"000000000000000000000006";"23.9";"Point";"Mon Aug 17 14:09:49 CEST 2020";"2.6";"5f3a738dd2e41ca86d59a6de";"0"
"5.512442111968994";"";"1";"9.07033357";"Tue Aug 18 19:36:23 CEST 2020";"Tue Aug 18 19:36:23 CEST 2020";"WGS 84";"false";"";"uploads/c77b80d3-c341-4168-a3a6-6e28e37d3f4e.jpeg";"000000000000000000000001";"27.0";"Point";"Tue Aug 18 19:36:23 CEST 2020";"1.9";"5f3c1197d2e41ca86d59a6df";"0"
"3.9000000953674316";"";"1";"9.081228";"Thu Aug 20 15:08:24 CEST 2020";"Thu Aug 20 15:08:24 CEST 2020";"WGS 84";"";"";"uploads/44fb4a8a-f9bf-4094-aaa9-860297b9f356.jpeg";"000000000000000000000001";"29.6";"Point";"Thu Aug 20 15:08:24 CEST 2020";"1.8";"5f3e75c8d2e41ca86d59a6e0";"0"
"10.0";"";"1";"9.134219";"Thu Aug 20 16:10:29 CEST 2020";"Thu Aug 20 16:10:29 CEST 2020";"WGS 84";"";"";"uploads/f0cae39b-ed79-455e-9bfa-45f95574b46b.jpeg";"000000000000000000000001";"30.4";"Point";"Thu Aug 20 16:10:29 CEST 2020";"1.3";"5f3e8455d2e41ca86d59a6e1";"0"
"6.571000099182129";"";"1";"9.2591186";"Tue Aug 25 10:47:12 CEST 2020";"Tue Aug 25 10:47:12 CEST 2020";"WGS 84";"false";"";"uploads/2970a7ca-76c2-42e2-ae25-1949dfcd917a.jpeg";"000000000000000000000001";"19.4";"Point";"Tue Aug 25 10:47:12 CEST 2020";"0.5";"5f44d010d2e41ca86d59a6e2";"0"
"6.0";"";"1";"9.2596341";"Tue Aug 25 10:48:30 CEST 2020";"Tue Aug 25 10:48:30 CEST 2020";"WGS 84";"false";"";"uploads/0f6062d3-b418-4c7e-8049-6327f54dbcb0.jpeg";"000000000000000000000001";"19.6";"Point";"Tue Aug 25 10:48:30 CEST 2020";"0.5";"5f44d05ed2e41ca86d59a6e3";"0"
"6.0";"";"1";"9.259734";"Tue Aug 25 10:50:02 CEST 2020";"Tue Aug 25 10:50:02 CEST 2020";"WGS 84";"false";"";"uploads/d0de7606-734f-4bae-9901-f1c2b82860ae.jpeg";"000000000000000000000001";"19.4";"Point";"Tue Aug 25 10:50:02 CEST 2020";"0.5";"5f44d0bad2e41ca86d59a6e4";"0"
"66.23100280761719";"";"1";"9.257019";"Tue Aug 25 10:59:00 CEST 2020";"Tue Aug 25 10:59:00 CEST 2020";"WGS 84";"false";"";"uploads/2c54633d-0abb-44da-9d22-f9b31d868cbd.jpeg";"000000000000000000000001";"20.3";"Point";"Tue Aug 25 10:59:00 CEST 2020";"0.5";"5f44d2d4d2e41ca86d59a6e5";"0"
"20.666000366210938";"";"1";"9.2604248";"Wed Aug 26 15:49:25 CEST 2020";"Wed Aug 26 15:49:25 CEST 2020";"WGS 84";"false";"";"uploads/f6eb4047-8df0-456f-bb0a-4a4f17efc3b6.jpeg";"000000000000000000000001";"25.9";"Point";"Wed Aug 26 15:49:25 CEST 2020";"0.5";"5f466865d2e41ca86d59a6e6";"0"
"6.947000026702881";"";"1";"9.2039504";"Sun Aug 30 16:58:32 CEST 2020";"Sun Aug 30 16:58:32 CEST 2020";"WGS 84";"false";"";"uploads/0549e204-a4b7-4082-816f-c97ad29c2269.jpeg";"000000000000000000000001";"21.6";"Point";"Sun Aug 30 16:58:32 CEST 2020";"5.7";"5f4bbe98d2e41ca86d59a6e8";"0"
"69.6050033569336";"";"1";"9.2032025";"Sun Aug 30 17:00:46 CEST 2020";"Sun Aug 30 17:00:46 CEST 2020";"WGS 84";"false";"";"uploads/bc79c214-2ac0-4c18-8d05-847e7bc30230.jpeg";"000000000000000000000001";"21.6";"Point";"Sun Aug 30 17:00:46 CEST 2020";"5.7";"5f4bbf1ed2e41ca86d59a6e9";"0"
"47.58700180053711";"true";"1";"9.2043397";"Sun Aug 30 18:23:45 CEST 2020";"Sun Aug 30 18:23:45 CEST 2020";"WGS 84";"false";"10";"uploads/013dd517-0eac-47ea-b4f2-f941c54dd545.jpeg";"000000000000000000000001";"20.5";"Point";"Sun Aug 30 18:23:45 CEST 2020";"7.2";"5f4bd291d2e41ca86d59a6ea";"0"
"48.430999755859375";"";"1";"9.2596183";"Mon Aug 31 11:57:33 CEST 2020";"Mon Aug 31 11:57:33 CEST 2020";"WGS 84";"false";"";"uploads/e19e064c-705b-406e-9e9d-afc5b9c02110.jpeg";"000000000000000000000001";"17.9";"Point";"Mon Aug 31 11:57:33 CEST 2020";"0.5";"5f4cc98dd2e41ca86d59a6eb";"0"
"8.461000442504883";"";"1";"9.2597025";"Mon Aug 31 11:58:05 CEST 2020";"Mon Aug 31 11:58:05 CEST 2020";"WGS 84";"false";"";"uploads/e5926840-f28f-44c3-a3f8-8f5cc47ea17e.jpeg";"000000000000000000000001";"17.9";"Point";"Mon Aug 31 11:58:05 CEST 2020";"0.5";"5f4cc9add2e41ca86d59a6ec";"0"
"2099.9990234375";"";"1";"9.2008189";"Mon Aug 31 18:19:19 CEST 2020";"Mon Aug 31 18:19:19 CEST 2020";"WGS 84";"false";"";"uploads/927b3d8f-0df8-44d3-b5e6-b6059053be0a.jpeg";"000000000000000000000001";"21.2";"Point";"Mon Aug 31 18:19:19 CEST 2020";"1.0";"5f4d2307d2e41ca86d59a6ed";"0"
"120.44000244140625";"";"1";"9.2039403";"Mon Aug 31 18:20:47 CEST 2020";"Mon Aug 31 18:20:47 CEST 2020";"WGS 84";"false";"";"uploads/6395f6c0-1473-4067-9901-78fc8aab5dfc.jpeg";"000000000000000000000001";"21.2";"Point";"Mon Aug 31 18:20:47 CEST 2020";"1.0";"5f4d235fd2e41ca86d59a6ee";"0"
"43.2400016784668";"";"1";"9.2604247";"Tue Sep 01 10:41:56 CEST 2020";"Tue Sep 01 10:41:56 CEST 2020";"WGS 84";"false";"";"uploads/7a9b5be6-d77b-4fc0-8252-842046d6f3b5.jpeg";"000000000000000000000001";"16.8";"Point";"Tue Sep 01 10:41:56 CEST 2020";"1.8";"5f4e0954d2e41ca86d59a6ef";"0"
"6.0";"";"1";"9.2604224";"Tue Sep 01 10:43:32 CEST 2020";"Tue Sep 01 10:43:32 CEST 2020";"WGS 84";"false";"";"uploads/531ef38b-2b50-4f88-b38e-6409943a0faa.jpeg";"000000000000000000000001";"16.8";"Point";"Tue Sep 01 10:43:32 CEST 2020";"1.8";"5f4e09b4d2e41ca86d59a6f0";"0"
"119.71600341796875";"";"1";"9.2592964";"Tue Sep 01 11:11:25 CEST 2020";"Tue Sep 01 11:11:25 CEST 2020";"WGS 84";"false";"";"uploads/7890dc71-0902-4142-a817-b2d15061f449.jpeg";"000000000000000000000001";"17.9";"Point";"Tue Sep 01 11:11:25 CEST 2020";"1.4";"5f4e103dd2e41ca86d59a6f1";"0"
"12.0";"true";"1";"9.1727595";"Sat Sep 05 13:29:34 CEST 2020";"Sat Sep 05 13:29:34 CEST 2020";"WGS 84";"false";"0";"uploads/5bf47826-2f19-4734-9f6a-5f35a9964251.jpeg";"000000000000000000000001";"23.5";"Point";"Sat Sep 05 13:29:34 CEST 2020";"2.6";"5f53769ed2e41ca86d59a6f2";"0"
"4.9";"true";"1";"11.445608139038088";"Sat Sep 12 10:19:25 CEST 2020";"Sat Sep 12 10:19:25 CEST 2020";"WGS 84";"false";"5";"uploads/e5546202-67a4-4e7b-b71f-98c6de08c284.jpeg";"";"27.0";"Point";"Wed Feb 03 12:33:43 CET 2021";"5.0";"5f5c848dd2e41ca86d59a6f3";"0"
"9.142000198364258";"";"1";"8.5411385";"Sat Sep 12 12:20:46 CEST 2020";"Sat Sep 12 12:20:46 CEST 2020";"WGS 84";"false";"";"uploads/192943a5-06cb-430c-b5ce-be429ac6a5b7.jpeg";"000000000000000000000002";"25.7";"Point";"Sat Sep 12 12:20:46 CEST 2020";"1.3";"5f5ca0fed2e41ca86d59a6f4";"0"
"3.9000000953674316";"";"1";"9.0669319";"Sun Sep 13 20:05:53 CEST 2020";"Sun Sep 13 20:05:53 CEST 2020";"WGS 84";"";"";"uploads/e3d90b0d-e29f-4f30-8ed0-414fa7d317c1.jpeg";"000000000000000000000001";"25.5";"Point";"Sun Sep 13 20:05:53 CEST 2020";"1.1";"5f5e5f81d2e41ca86d59a6f6";"0"
"42.5";"";"1";"9.228344";"Fri Sep 25 22:33:04 CEST 2020";"Fri Sep 25 22:33:04 CEST 2020";"WGS 84";"false";"";"";"";"9.7";"Point";"Fri Sep 25 22:33:04 CEST 2020";"1.3";"5f6e5400ba2b26c3a6b9638f";"0"
"7.956621170043945";"";"1";"9.38472218";"Sun Sep 27 16:33:22 CEST 2020";"Sun Sep 27 16:33:22 CEST 2020";"WGS 84";"false";"";"uploads/6a2982fa-c4ee-4324-b93c-822fd27911fe.jpeg";"000000000000000000000001";"15.7";"Point";"Sun Sep 27 16:33:22 CEST 2020";"1.3";"5f70a2b2ba2b26c3a6b96390";"0"
"3.7900924682617188";"";"1";"9.38469599";"Sun Sep 27 16:34:57 CEST 2020";"Sun Sep 27 16:34:57 CEST 2020";"WGS 84";"false";"";"uploads/56b15326-548e-47f4-b827-1db358848aab.jpeg";"000000000000000000000001";"15.7";"Point";"Sun Sep 27 16:34:57 CEST 2020";"1.3";"5f70a311ba2b26c3a6b96391";"0"
"11.696000099182129";"";"1";"9.2034675";"Sun Sep 27 16:55:40 CEST 2020";"Sun Sep 27 16:55:40 CEST 2020";"WGS 84";"false";"";"uploads/57bc1f20-f528-4d1e-ac80-aff082c48a62.jpeg";"000000000000000000000001";"13.2";"Point";"Sun Sep 27 16:55:40 CEST 2020";"3.6";"5f70a7ecba2b26c3a6b96392";"0"
"3.9000000953674316";"";"1";"9.3886265";"Sun Sep 27 16:58:19 CEST 2020";"Sun Sep 27 16:58:19 CEST 2020";"WGS 84";"false";"";"uploads/b5ab189a-5055-47d7-b15c-88e62071562c.jpeg";"000000000000000000000001";"15.4";"Point";"Sun Sep 27 16:58:19 CEST 2020";"0.5";"5f70a88bba2b26c3a6b96393";"0"
"68.4000015258789";"";"1";"9.3885884";"Sun Sep 27 17:00:31 CEST 2020";"Sun Sep 27 17:00:31 CEST 2020";"WGS 84";"false";"";"uploads/4c423f46-c58c-45f8-8a9c-e0e5f64ec6bc.jpeg";"000000000000000000000001";"15.4";"Point";"Sun Sep 27 17:00:31 CEST 2020";"0.5";"5f70a90fba2b26c3a6b96394";"0"
"57.983001708984375";"";"1";"9.2597834";"Wed Sep 30 12:27:13 CEST 2020";"Wed Sep 30 12:27:13 CEST 2020";"WGS 84";"false";"";"uploads/407d47dd-934f-4185-a270-455a71a75e00.jpeg";"000000000000000000000001";"15.6";"Point";"Wed Sep 30 12:27:13 CEST 2020";"0.9";"5f745d81ba2b26c3a6b96395";"0"
"22.350000381469727";"";"1";"8.5475565";"Sun Oct 04 11:39:38 CEST 2020";"Sun Oct 04 11:39:38 CEST 2020";"WGS 84";"false";"";"uploads/32bb9dd0-184e-478e-b083-0bdc63f11313.jpeg";"000000000000000000000002";"14.8";"Point";"Sun Oct 04 11:39:38 CEST 2020";"1.4";"5f79985aae8caf07ad857084";"0"
"43.66600036621094";"";"1";"9.2518627";"Wed Oct 07 16:22:00 CEST 2020";"Wed Oct 07 16:22:00 CEST 2020";"WGS 84";"false";"";"uploads/0706ffd7-6c4a-47f4-976b-52fc8f37dfff.jpeg";"000000000000000000000001";"19.9";"Point";"Wed Oct 07 16:22:00 CEST 2020";"3.6";"5f7dcf08ae8caf07ad857085";"0"
"9.730999946594238";"";"1";"9.252034";"Wed Oct 07 16:23:06 CEST 2020";"Wed Oct 07 16:23:06 CEST 2020";"WGS 84";"false";"";"uploads/9f63a525-5559-4405-a575-2a313e187966.jpeg";"000000000000000000000001";"19.9";"Point";"Wed Oct 07 16:23:06 CEST 2020";"3.6";"5f7dcf4aae8caf07ad857086";"0"
"596.6119995117188";"";"1";"9.2515208";"Thu Oct 08 12:33:30 CEST 2020";"Thu Oct 08 12:33:30 CEST 2020";"WGS 84";"false";"";"uploads/dee4db5f-747f-4e9a-a102-6fd42bf8203d.jpeg";"000000000000000000000001";"16.7";"Point";"Thu Oct 08 12:33:30 CEST 2020";"1.0";"5f7eeafaae8caf07ad857087";"0"
"8.401000022888184";"";"1";"9.0765562";"Sat Oct 10 10:53:36 CEST 2020";"Sat Oct 10 10:53:36 CEST 2020";"WGS 84";"false";"";"uploads/be3b8826-0c79-4853-af0f-fd631c3545c5.jpeg";"000000000000000000000001";"16.1";"Point";"Sat Oct 10 10:53:36 CEST 2020";"0.9";"5f817690ae8caf07ad857089";"0"
"3.9600000381469727";"";"1";"9.0774817";"Sat Oct 10 10:55:36 CEST 2020";"Sat Oct 10 10:55:36 CEST 2020";"WGS 84";"false";"";"uploads/4dedd43b-fec6-4cdd-8d32-f88c070b4657.jpeg";"000000000000000000000001";"16.0";"Point";"Sat Oct 10 10:55:36 CEST 2020";"0.9";"5f817708ae8caf07ad85708a";"0"
"14.75";"";"1";"9.0719163";"Sun Oct 11 13:20:46 CEST 2020";"Sun Oct 11 13:20:46 CEST 2020";"WGS 84";"false";"";"uploads/17cb02fd-f207-48cc-8192-ff1f6ca4b2b2.jpeg";"000000000000000000000001";"15.2";"Point";"Sun Oct 11 13:20:46 CEST 2020";"1.6";"5f82ea8e1985762bd27d8f2d";"0"
"20.0";"";"1";"9.1133815";"Sun Oct 11 15:40:46 CEST 2020";"Sun Oct 11 15:40:46 CEST 2020";"WGS 84";"false";"";"uploads/ff391f20-f2eb-4b12-94b0-713a8a7784b5.jpeg";"000000000000000000000001";"15.0";"Point";"Sun Oct 11 15:40:46 CEST 2020";"0.9";"5f830b5e1985762bd27d8f2e";"0"
"38.361000061035156";"";"1";"8.5391024";"Sat Nov 14 14:24:05 CET 2020";"Sat Nov 14 14:24:05 CET 2020";"WGS 84";"false";"";"uploads/9fbaa793-fd74-40da-b64c-a4d2e7b62c52.jpeg";"000000000000000000000002";"12.6";"Point";"Sat Nov 14 14:24:05 CET 2020";"1.8";"5fafda751cb4b84f579f989b";"0"
"3.9000000953674316";"";"1";"9.3006291";"Tue Dec 01 15:19:08 CET 2020";"Sun Feb 21 16:10:00 CET 2021";"WGS 84";"false";"";"uploads/fa4e0004-8e91-4805-bd26-d050cd28a32d.jpeg";"000000000000000000000001";"4.1";"Point";"Sun Feb 21 16:40:53 CET 2021";"0.5";"5fc650dc1cb4b84f579f989d";"0"
"3.9000000953674316";"";"1";"9.2998405";"Tue Dec 01 15:20:53 CET 2020";"Tue Dec 01 15:20:53 CET 2020";"WGS 84";"false";"";"uploads/8edc6dc3-1ab8-4c9e-bbd7-a758106e44bf.jpeg";"000000000000000000000001";"4.1";"Point";"Tue Dec 01 15:20:53 CET 2020";"0.5";"5fc651451cb4b84f579f989e";"0"
"9.399999618530273";"";"1";"9.2984433";"Tue Dec 01 15:25:53 CET 2020";"Tue Dec 01 15:25:53 CET 2020";"WGS 84";"false";"";"uploads/331558c5-1d12-49f0-8c28-15b7c392cec9.jpeg";"000000000000000000000001";"4.1";"Point";"Tue Dec 01 15:25:53 CET 2020";"0.5";"5fc652711cb4b84f579f989f";"0"
"0.0";"";"1";"9.077121019363405";"Sat Dec 05 10:32:36 CET 2020";"Sat Dec 05 10:32:36 CET 2020";"WGS 84";"false";"";"uploads/8d03c8fb-04ad-4e19-9ade-a5444f515cb3.jpeg";"000000000000000000000001";"4.2";"Point";"Sat Dec 05 10:32:36 CET 2020";"0.9";"5fcb53b41cb4b84f579f98a0";"0"
"0.0";"";"1";"9.076284170150759";"Sat Dec 05 10:36:05 CET 2020";"Sat Dec 05 10:36:05 CET 2020";"WGS 84";"false";"";"uploads/13dcde53-7ef6-481a-921a-3c681cf2ce66.jpeg";"000000000000000000000001";"3.9";"Point";"Sat Dec 05 10:36:05 CET 2020";"0.9";"5fcb54851cb4b84f579f98a1";"0"
"4.599999904632568";"";"1";"9.3057375";"Sun Dec 13 14:19:43 CET 2020";"Sun Dec 13 14:19:43 CET 2020";"WGS 84";"false";"";"uploads/23fac34b-ac69-41db-978e-8a3ee9156f98.jpeg";"000000000000000000000001";"9.1";"Point";"Sun Dec 13 14:19:43 CET 2020";"1.0";"5fd614ef1cb4b84f579f98a2";"0"
"68.4000015258789";"";"1";"9.0792919";"Wed Dec 30 11:05:19 CET 2020";"Wed Dec 30 11:05:19 CET 2020";"WGS 84";"false";"";"uploads/6e573ba7-3273-4b91-869b-29c83a05c366.jpeg";"000000000000000000000001";"2.6";"Point";"Wed Dec 30 11:05:19 CET 2020";"0.6";"5fec50df1cb4b84f579f98a3";"0"
"3.9000000953674316";"";"1";"9.307113";"Sun Jan 10 13:11:07 CET 2021";"Sun Jan 10 13:11:07 CET 2021";"WGS 84";"false";"";"uploads/33f36fea-3d12-4275-ab43-ab460b9eb953.jpeg";"000000000000000000000001";"2.7";"Point";"Sun Jan 10 13:11:07 CET 2021";"0.9";"5ffaeedb53993ef7e8b98f51";"0"
"64.03299713134766";"";"1";"9.0828412";"Sat Jan 16 14:45:27 CET 2021";"Sat Jan 16 14:45:27 CET 2021";"WGS 84";"false";"";"uploads/ac4762eb-db4a-4c61-8d3e-ee30bd650482.jpeg";"000000000000000000000001";"5.7";"Point";"Sat Jan 16 14:45:27 CET 2021";"1.8";"6002edf753993ef7e8b98f53";"0"
"0.0";"";"1";"9.118652343750002";"Mon Feb 01 14:41:20 CET 2021";"Mon Feb 01 14:41:20 CET 2021";"WGS 84";"false";"";"";"";"11.0";"Point";"Mon Feb 01 14:41:20 CET 2021";"2.0";"60180500be3bd61ed001d4e4";"0"
"0.0";"";"1";"9.382946491241457";"Wed Feb 03 07:54:22 CET 2021";"Wed Feb 03 07:54:22 CET 2021";"WGS 84";"false";"";"uploads/3764df4a-9bf7-48e8-a60a-d5efbf15bf59.jpeg";"000000000000000000000001";"4.9";"Point";"Wed Feb 03 07:54:22 CET 2021";"1.0";"601a489e53993ef7e8b98f58";"0"
"0.0";"";"1";"8.536633";"Sun Feb 07 09:53:11 CET 2021";"Sun Feb 07 09:53:11 CET 2021";"WGS 84";"false";"";"";"000000000000000000000002";"0.0";"Point";"Thu Apr 29 08:15:23 CEST 2021";"0.0";"601faa779e28a93b5a193834";"0"
"14.0";"";"1";"9.252083";"Mon Feb 15 15:06:55 CET 2021";"Mon Feb 15 15:06:55 CET 2021";"WGS 84";"false";"";"uploads/e7ba3fb4-d558-475a-9299-b86613b7f1fe.jpeg";"000000000000000000000001";"4.6";"Point";"Mon Feb 15 15:06:55 CET 2021";"0.9";"602a7fff97c61722d0e5fced";"0"
"8.0";"";"1";"9.252114";"Mon Feb 15 15:07:43 CET 2021";"Mon Feb 15 15:07:43 CET 2021";"WGS 84";"false";"";"uploads/6ae27dc9-0656-4449-904f-0dbfd3aafcd6.jpeg";"000000000000000000000001";"4.6";"Point";"Mon Feb 15 15:07:43 CET 2021";"0.9";"602a802f97c61722d0e5fcee";"0"
"15.272000312805176";"";"1";"9.2508517";"Mon Feb 15 15:12:06 CET 2021";"Mon Feb 15 15:12:06 CET 2021";"WGS 84";"false";"";"uploads/7db84d7c-cd38-4cb6-b3ba-f1c27ccb23f3.jpeg";"000000000000000000000001";"4.6";"Point";"Mon Feb 15 15:12:06 CET 2021";"0.9";"602a813697c61722d0e5fcef";"0"
"10.666000366210938";"";"1";"9.2505711";"Mon Feb 15 15:13:00 CET 2021";"Mon Feb 15 15:13:00 CET 2021";"WGS 84";"false";"";"uploads/c0d494fc-07b2-49e1-91c5-6c5dcae966e0.jpeg";"000000000000000000000001";"4.6";"Point";"Mon Feb 15 15:13:00 CET 2021";"0.9";"602a816c97c61722d0e5fcf0";"0"
"40.0";"";"1";"9.2483895";"Wed Feb 17 11:05:04 CET 2021";"Wed Feb 17 11:05:04 CET 2021";"WGS 84";"false";"";"uploads/c1decc9d-108f-4e4f-b5b9-5cb6177e94e9.jpeg";"000000000000000000000001";"8.5";"Point";"Wed Feb 17 11:05:04 CET 2021";"0.5";"602cea5097c61722d0e5fcf1";"0"
"4.665999889373779";"";"1";"9.2483348";"Wed Feb 17 11:05:44 CET 2021";"Wed Feb 17 11:05:44 CET 2021";"WGS 84";"false";"";"uploads/c9b2cc9c-21dd-442e-ae7d-0937d1575e8e.jpeg";"000000000000000000000001";"8.5";"Point";"Wed Feb 17 11:05:44 CET 2021";"0.5";"602cea7897c61722d0e5fcf2";"0"
"8.170000076293945";"";"1";"8.5518465";"Tue Mar 02 13:35:54 CET 2021";"Tue Mar 02 13:35:54 CET 2021";"WGS 84";"false";"";"uploads/9de56c2b-ee10-4cdf-8f69-4c2567853486.jpeg";"000000000000000000000002";"14.6";"Point";"Tue Mar 02 13:35:54 CET 2021";"1.8";"603e312aa5f5efea387a247f";"0"
"20.0";"";"1";"9.0674007";"Sun Mar 07 20:55:16 CET 2021";"Sun Mar 07 20:55:16 CET 2021";"WGS 84";"";"";"uploads/6ffc727e-5a15-45f7-8a35-d985a1ca1c22.jpeg";"000000000000000000000001";"4.9";"Point";"Sun Mar 07 20:55:16 CET 2021";"0.2";"60452fa4b31b0a267849e365";"0"
"67.41600036621094";"";"1";"8.5403171";"Fri Mar 19 14:17:08 CET 2021";"Fri Mar 19 14:17:08 CET 2021";"WGS 84";"false";"";"uploads/c597283a-ad42-42cb-aa91-61aa27ff67d6.jpeg";"000000000000000000000002";"7.4";"Point";"Fri Mar 19 14:17:08 CET 2021";"0.5";"6054a454b31b0a267849e381";"0"
"24.0";"";"1";"8.586824307";"Sun Mar 28 14:54:07 CEST 2021";"Sun Mar 28 14:54:07 CEST 2021";"WGS 84";"false";"";"uploads/41e3a4da-07ef-4814-8382-d59dcaa3680a.jpeg";"000000000000000000000002";"17.5";"Point";"Sun Mar 28 14:54:07 CEST 2021";"1.8";"60607c6fb31b0a267849e395";"0"
"3.437000036239624";"";"1";"9.0783101";"Fri Apr 02 18:04:34 CEST 2021";"Fri Apr 02 18:04:34 CEST 2021";"WGS 84";"";"";"uploads/aecfc5ff-034a-40c1-8225-c210c2c53d67.jpeg";"000000000000000000000001";"22.1";"Point";"Fri Apr 02 18:04:34 CEST 2021";"0.9";"60674092b31b0a267849e3a3";"0"
"6.3520002365112305";"";"1";"9.0780474";"Fri Apr 02 18:08:07 CEST 2021";"Fri Apr 02 18:08:07 CEST 2021";"WGS 84";"";"";"uploads/494e089d-641f-4853-9480-7efb45aaead9.jpeg";"000000000000000000000001";"22.6";"Point";"Fri Apr 02 18:08:07 CEST 2021";"0.9";"60674167b31b0a267849e3a4";"0"
"15.722999572753906";"";"1";"9.0825628";"Sat Apr 03 18:51:56 CEST 2021";"Sat Apr 03 18:51:56 CEST 2021";"WGS 84";"false";"";"uploads/f3fc3342-02bd-41cb-b1f7-035e991d39fd.jpeg";"000000000000000000000001";"14.3";"Point";"Sat Apr 03 18:51:56 CEST 2021";"3.6";"60689d2cb31b0a267849e3a5";"0"
"8.0";"";"1";"9.0736023";"Mon Apr 05 10:16:34 CEST 2021";"Mon Apr 05 10:16:34 CEST 2021";"WGS 84";"false";"";"uploads/51f77332-1ef2-40a5-af04-f7c0c857ae17.jpeg";"000000000000000000000001";"11.2";"Point";"Mon Apr 05 10:16:34 CEST 2021";"2.7";"606ac762b31b0a267849e3a6";"0"
"8.576000213623047";"";"1";"9.0785776";"Thu Apr 08 15:35:00 CEST 2021";"Thu Apr 08 15:35:00 CEST 2021";"WGS 84";"";"";"uploads/aee7069b-08ad-4683-b0c3-4c9ef049f6ef.jpeg";"000000000000000000000001";"14.0";"Point";"Thu Apr 08 15:35:00 CEST 2021";"1.3";"606f0684b31b0a267849e3aa";"0"
"9.600000381469727";"";"1";"9.0784574";"Thu Apr 08 15:37:24 CEST 2021";"Thu Apr 08 15:37:24 CEST 2021";"WGS 84";"";"";"uploads/b8750931-4f00-4b2a-9e26-0aed41e18f50.jpeg";"000000000000000000000001";"14.2";"Point";"Thu Apr 08 15:37:24 CEST 2021";"2.7";"606f0714b31b0a267849e3ab";"0"
"7.85699987411499";"true";"1";"9.1432205";"Thu Apr 08 16:13:50 CEST 2021";"Thu Apr 08 16:13:50 CEST 2021";"WGS 84";"false";"3";"uploads/f2fb2b10-ab8d-4a37-9326-f473d81b66c5.jpeg";"000000000000000000000001";"13.9";"Point";"Mon Apr 12 08:38:41 CEST 2021";"1.8";"606f0f9eb31b0a267849e3ac";"0"
"0.0";"true";"1";"9.143950939178469";"Thu Apr 08 17:27:51 CEST 2021";"Thu Apr 08 17:27:51 CEST 2021";"WGS 84";"false";"1";"uploads/7637dcc9-3a03-47f0-8d55-05027238b18f.jpeg";"000000000000000000000001";"14.1";"Point";"Mon Apr 12 08:37:52 CEST 2021";"2.2";"606f20f7b31b0a267849e3ae";"0"
"9.25";"";"1";"9.0785875";"Sat Apr 10 16:02:13 CEST 2021";"Sat Apr 10 16:02:13 CEST 2021";"WGS 84";"";"";"uploads/c5a0f621-175d-44f9-810e-63a2f818a79a.jpeg";"000000000000000000000001";"12.1";"Point";"Sat Apr 10 16:02:13 CEST 2021";"2.7";"6071afe5b31b0a267849e3b3";"0"
"27.042999267578125";"";"1";"9.1434135";"Sat Apr 10 16:29:39 CEST 2021";"Sat Apr 10 16:29:39 CEST 2021";"WGS 84";"";"";"uploads/a8791df9-bbd4-4756-b212-c1afdd3fc094.jpeg";"000000000000000000000001";"12.2";"Point";"Sat Apr 10 16:29:39 CEST 2021";"2.7";"6071b653b31b0a267849e3b4";"0"
"4.900000095367432";"";"1";"9.078755260594596";"Sat Apr 10 16:42:08 CEST 2021";"Sat Apr 10 16:42:08 CEST 2021";"WGS 84";"false";"";"uploads/71eb3f11-a4eb-47c2-bb90-70e551cb2ccb.jpeg";"000000000000000000000001";"12.2";"Point";"Sat Apr 10 16:42:08 CEST 2021";"2.7";"6071b940b31b0a267849e3b5";"0"
"6.000906205260658";"";"1";"9.078745188893544";"Sun Apr 11 15:44:43 CEST 2021";"Sun Apr 11 15:44:43 CEST 2021";"WGS 84";"";"";"uploads/ef89efca-9bf3-4c7f-897f-5f6bd2c9e071.jpeg";"000000000000000000000001";"5.8";"Point";"Sun Apr 11 15:44:43 CEST 2021";"0.9";"6072fd4bb31b0a267849e3b6";"0"
"0.0";"";"1";"8.65276336669922";"Thu Apr 15 10:41:17 CEST 2021";"Mon Apr 12 10:41:00 CEST 2021";"WGS 84";"false";"";"uploads/d7851b51-0a28-41b7-8e79-2d22032c0c09.jpeg";"000000000000000000000002";"0.0";"Point";"Thu Apr 15 10:41:17 CEST 2021";"0.0";"6077fc2db575cc3a3ea03631";"0"
"0.0";"";"1";"8.546661";"Thu Apr 15 11:04:30 CEST 2021";"Wed Apr 14 10:04:00 CEST 2021";"WGS 84";"false";"";"uploads/e5e121d9-8af2-4af6-9759-33bc428ccec4.jpeg";"000000000000000000000002";"0.0";"Point";"Thu Apr 29 13:02:08 CEST 2021";"0.0";"6078019eb575cc3a3ea03633";"0"
"3.9000000953674316";"";"1";"9.07781";"Fri Apr 16 16:44:34 CEST 2021";"Fri Apr 16 16:44:34 CEST 2021";"WGS 84";"";"";"uploads/cf93dc19-8b7f-400f-b56d-af77c979b213.jpeg";"000000000000000000000001";"11.9";"Point";"Fri Apr 16 16:44:34 CEST 2021";"2.7";"6079a2d2b31b0a267849e3c1";"0"
"3.9000000953674316";"";"1";"9.077833";"Fri Apr 16 16:54:34 CEST 2021";"Fri Apr 16 16:54:34 CEST 2021";"WGS 84";"";"";"uploads/4eeee0f6-98ae-418f-9eca-3b7c654e8b2c.jpeg";"000000000000000000000001";"11.9";"Point";"Fri Apr 16 16:54:34 CEST 2021";"2.7";"6079a52ab31b0a267849e3c2";"0"
"20.96500015258789";"";"1";"9.0673521";"Sat Apr 17 13:54:43 CEST 2021";"Sat Apr 17 13:54:43 CEST 2021";"WGS 84";"false";"";"uploads/1ca2c579-5053-4e40-aaa1-04a57d8b5e00.jpeg";"000000000000000000000001";"13.7";"Point";"Sat Apr 17 13:54:43 CEST 2021";"1.3";"607acc83b31b0a267849e3c3";"0"
"3.9000000953674316";"";"1";"9.0676501";"Sat Apr 17 13:55:57 CEST 2021";"Sat Apr 17 13:55:57 CEST 2021";"WGS 84";"false";"";"uploads/99475b99-0bc8-4ebf-830b-22de6ac785d9.jpeg";"000000000000000000000001";"13.7";"Point";"Sat Apr 17 13:55:57 CEST 2021";"3.1";"607acccdb31b0a267849e3c4";"0"
"3.9860000610351562";"";"1";"9.0684135";"Sat Apr 17 13:57:53 CEST 2021";"Sat Apr 17 13:57:53 CEST 2021";"WGS 84";"false";"";"uploads/5e6b7366-22f7-4eb6-965b-186743319222.jpeg";"000000000000000000000001";"13.8";"Point";"Sat Apr 17 13:57:53 CEST 2021";"3.1";"607acd41b31b0a267849e3c5";"0"
"6.094059688001753";"";"1";"8.591262790395458";"Sun Apr 25 09:26:27 CEST 2021";"Sun Apr 25 09:26:27 CEST 2021";"WGS 84";"";"";"uploads/146eaf12-4f6d-44c3-808d-ac7af5f12e00.jpeg";"000000000000000000000002";"15.2";"Point";"Sun Apr 25 09:26:27 CEST 2021";"0.9";"608519a3b31b0a267849e3c9";"0"
"0.0";"";"1";"8.54084";"Tue Apr 27 10:43:47 CEST 2021";"Tue Jun 30 09:03:00 CEST 2020";"WGS 84";"false";"";"";"000000000000000000000002";"0.0";"Point";"Thu Apr 29 08:16:02 CEST 2021";"0.0";"6087cec3b575cc3a3ea051fe";"0"
"0.0";"";"1";"8.56795";"Tue Apr 27 13:53:54 CEST 2021";"Thu Jun 25 08:10:00 CEST 2020";"WGS 84";"false";"";"";"000000000000000000000002";"0.0";"Point";"Thu Apr 29 08:17:31 CEST 2021";"0.0";"6087fb52b575cc3a3ea0533e";"0"
"0.0";"";"1";"8.56091";"Tue Apr 27 13:57:19 CEST 2021";"Thu Jun 25 07:50:00 CEST 2020";"WGS 84";"false";"";"";"000000000000000000000002";"0.0";"Point";"Thu Apr 29 08:16:59 CEST 2021";"0.0";"6087fc1fb575cc3a3ea05340";"0"
"0.0";"";"1";"8.558398";"Tue Apr 27 14:02:17 CEST 2021";"Tue Jun 30 07:48:00 CEST 2020";"WGS 84";"false";"";"";"000000000000000000000002";"0.0";"Point";"Thu Apr 29 08:16:33 CEST 2021";"0.0";"6087fd49b575cc3a3ea05343";"0"
"0.0";"";"1";"8.56501";"Tue Apr 27 14:17:35 CEST 2021";"Thu Jun 25 08:28:00 CEST 2020";"WGS 84";"false";"";"";"";"0.0";"Point";"Tue Apr 27 14:17:35 CEST 2021";"0.0";"608800dfb575cc3a3ea05346";"0"
"0.0";"";"1";"8.573197";"Tue Apr 27 14:21:23 CEST 2021";"Tue Jun 30 10:32:00 CEST 2020";"WGS 84";"false";"";"";"";"0.0";"Point";"Tue Apr 27 14:21:23 CEST 2021";"2.0";"608801c3b575cc3a3ea05348";"0"
"0.0";"";"1";"8.486108";"Tue Apr 27 14:24:29 CEST 2021";"Tue Jun 30 09:41:00 CEST 2020";"WGS 84";"false";"";"";"";"0.0";"Point";"Tue Apr 27 14:24:29 CEST 2021";"3.0";"6088027db575cc3a3ea0534a";"0"
"0.0";"";"1";"8.546661";"Wed Apr 28 20:33:26 CEST 2021";"Tue Apr 27 15:30:00 CEST 2021";"WGS 84";"false";"";"uploads/191a6828-b201-47f5-b148-dff67f5a9462.jpeg";"000000000000000000000002";"0.0";"Point";"Thu Apr 29 13:01:34 CEST 2021";"0.0";"6089aa76b575cc3a3ea064d5";"0"
"79.05000305175781";"";"1";"9.3881043";"Thu May 06 08:38:16 CEST 2021";"Thu May 06 08:38:16 CEST 2021";"WGS 84";"";"";"uploads/5ff89f96-4d71-47f2-aae6-add63b2f67ef.jpeg";"000000000000000000000001";"11.7";"Point";"Thu May 06 08:38:16 CEST 2021";"0.9";"60938ed8b31b0a267849e3df";"0"
"11.859000205993652";"";"1";"9.3880825";"Thu May 06 08:39:10 CEST 2021";"Thu May 06 08:39:10 CEST 2021";"WGS 84";"";"";"uploads/904e42eb-30f9-4711-b93a-717f29b2fc73.jpeg";"000000000000000000000001";"11.7";"Point";"Thu May 06 08:39:10 CEST 2021";"0.9";"60938f0eb31b0a267849e3e0";"0"
"8.001208273680877";"";"1";"9.3880137101904";"Thu May 06 08:41:54 CEST 2021";"Thu May 06 08:41:54 CEST 2021";"WGS 84";"";"";"uploads/99c1e277-ef47-49e5-a167-3133f6661bb0.jpeg";"000000000000000000000001";"11.7";"Point";"Thu May 06 08:41:54 CEST 2021";"0.9";"60938fb2b31b0a267849e3e1";"0"
"16.079999923706055";"";"1";"9.38808587";"Thu May 06 08:45:51 CEST 2021";"Thu May 06 08:45:51 CEST 2021";"WGS 84";"";"";"uploads/12bd4160-740e-41e6-8d24-1377b2ba7ab9.jpeg";"000000000000000000000001";"12.1";"Point";"Thu May 06 08:45:51 CEST 2021";"0.5";"6093909fb31b0a267849e3e2";"0"
"19.496000289916992";"";"1";"9.3880342";"Thu May 06 08:48:34 CEST 2021";"Thu May 06 08:48:34 CEST 2021";"WGS 84";"";"";"uploads/4df3101a-5e22-4c0b-9d21-c9b085e66996.jpeg";"000000000000000000000001";"12.3";"Point";"Thu May 06 08:48:34 CEST 2021";"0.5";"60939142b31b0a267849e3e3";"0"
"49.433998107910156";"";"1";"9.38915009";"Thu May 06 08:51:30 CEST 2021";"Thu May 06 08:51:30 CEST 2021";"WGS 84";"false";"";"uploads/05a121dc-9255-4b21-a62f-4d44cd58d17d.jpeg";"000000000000000000000001";"12.1";"Point";"Thu May 06 08:51:30 CEST 2021";"0.5";"609391f2b31b0a267849e3e4";"0"
"95.22799682617188";"";"1";"9.38817354";"Thu May 06 10:17:05 CEST 2021";"Thu May 06 10:17:05 CEST 2021";"WGS 84";"";"";"uploads/60d980be-022f-46b4-9e0e-696ff863026b.jpeg";"000000000000000000000001";"12.9";"Point";"Thu May 06 10:17:05 CEST 2021";"1.5";"6093a601b31b0a267849e3e5";"0"
"79.3010025024414";"";"1";"9.3877332";"Thu May 06 10:17:43 CEST 2021";"Thu May 06 10:17:43 CEST 2021";"WGS 84";"";"";"uploads/d05fee43-01c5-49d2-ba89-0213923551d5.jpeg";"000000000000000000000001";"12.9";"Point";"Thu May 06 10:17:43 CEST 2021";"1.5";"6093a627b31b0a267849e3e6";"0"
"3.2160000801086426";"";"1";"9.38806604";"Thu May 06 10:21:01 CEST 2021";"Thu May 06 10:21:01 CEST 2021";"WGS 84";"false";"";"uploads/bc730779-a964-4a4c-9a1e-b34dc3ecce72.jpeg";"000000000000000000000001";"12.9";"Point";"Thu May 06 10:21:01 CEST 2021";"1.5";"6093a6edb31b0a267849e3e7";"0"
"44.779998779296875";"";"1";"9.3885797";"Thu May 06 10:21:34 CEST 2021";"Thu May 06 10:21:34 CEST 2021";"WGS 84";"";"";"uploads/fd64510d-1dd3-4d5e-a758-c3e833c92048.jpeg";"000000000000000000000001";"12.9";"Point";"Thu May 06 10:21:34 CEST 2021";"1.5";"6093a70eb31b0a267849e3e8";"0"
"3.2160000801086426";"";"1";"9.38755724";"Thu May 06 10:23:31 CEST 2021";"Thu May 06 10:23:31 CEST 2021";"WGS 84";"false";"";"uploads/ae2c18f0-137c-4102-a9d4-d10a60367219.jpeg";"000000000000000000000001";"12.5";"Point";"Thu May 06 10:23:31 CEST 2021";"1.5";"6093a783b31b0a267849e3e9";"0"
"3.2160000801086426";"";"1";"9.38744618";"Thu May 06 10:26:24 CEST 2021";"Thu May 06 10:26:24 CEST 2021";"WGS 84";"false";"";"uploads/6ad8e9c5-e329-45e7-bcc2-41ef1beb6e11.jpeg";"000000000000000000000001";"12.5";"Point";"Thu May 06 10:26:24 CEST 2021";"1.5";"6093a830b31b0a267849e3ea";"0"
"4.288000106811523";"";"1";"9.38801258";"Thu May 06 10:26:40 CEST 2021";"Thu May 06 10:26:40 CEST 2021";"WGS 84";"";"";"uploads/b79e5843-4b99-44bb-9379-40fab5c54c94.jpeg";"000000000000000000000001";"12.5";"Point";"Thu May 06 10:26:40 CEST 2021";"1.5";"6093a840b31b0a267849e3eb";"0"
"3.2160000801086426";"";"1";"9.38807001";"Thu May 06 10:32:05 CEST 2021";"Thu May 06 10:32:05 CEST 2021";"WGS 84";"";"";"uploads/35fa9a15-eeda-4596-bc8e-2f352e9ba6ae.jpeg";"000000000000000000000001";"12.5";"Point";"Thu May 06 10:32:05 CEST 2021";"1.5";"6093a985b31b0a267849e3ec";"0"
"0.0";"";"1";"9.187467098236086";"Thu May 06 13:49:40 CEST 2021";"Thu May 06 13:49:40 CEST 2021";"WGS 84";"false";"";"uploads/40b46fcc-33fd-4714-9a0e-4f130aa20804.jpeg";"000000000000000000000001";"15.9";"Point";"Thu May 06 13:49:40 CEST 2021";"5.1";"6093d7d4b31b0a267849e3ed";"0"
"10.46582745933642";"";"1";"9.078350451177839";"Thu May 06 16:04:02 CEST 2021";"Thu May 06 16:04:02 CEST 2021";"WGS 84";"";"";"uploads/69a1adaa-071e-450c-9faf-ec00f3764755.jpeg";"000000000000000000000001";"17.0";"Point";"Thu May 06 16:04:02 CEST 2021";"2.2";"6093f752b31b0a267849e3ee";"0"
"0.0";"";"1";"9.101030230522158";"Thu May 06 16:36:00 CEST 2021";"Thu May 06 16:36:00 CEST 2021";"WGS 84";"false";"";"uploads/722e215b-e968-4ec6-858b-24dc1a0f602f.jpeg";"000000000000000000000001";"20.0";"Point";"Thu May 06 16:36:00 CEST 2021";"1.4";"6093fed0b31b0a267849e3ef";"0"
"8.001208273680877";"true";"1";"9.080106947243614";"Sun May 09 18:23:01 CEST 2021";"Sun May 09 18:23:01 CEST 2021";"WGS 84";"false";"5";"uploads/b3d764a3-5d55-4e84-85e8-343dfffe66ea.jpeg";"000000000000000000000001";"20.5";"Point";"Sun May 09 18:23:01 CEST 2021";"1.3";"60980c65b31b0a267849e3f6";"0"
"0.0";"";"1";"9.101572036743166";"Sun May 09 18:28:21 CEST 2021";"Sun May 09 18:28:21 CEST 2021";"WGS 84";"";"";"uploads/55907e1e-7bd9-41af-bc3e-8e0a4e4ccb8a.jpeg";"000000000000000000000001";"20.3";"Point";"Sun May 09 18:28:21 CEST 2021";"1.3";"60980da5b31b0a267849e3f7";"0"
"8.001208273680877";"";"1";"9.080106947243614";"Sun May 09 18:32:25 CEST 2021";"Sun May 09 18:32:25 CEST 2021";"WGS 84";"false";"";"uploads/f274b0fe-9190-40a5-8706-eab0852e2f68.jpeg";"000000000000000000000001";"20.3";"Point";"Sun May 09 18:32:25 CEST 2021";"1.3";"60980e99b31b0a267849e3f8";"0"
"5.703000068664551";"";"1";"9.0725949";"Sun May 09 20:06:53 CEST 2021";"Sun May 09 20:06:53 CEST 2021";"WGS 84";"false";"";"uploads/16d8cecd-9fc1-4fce-a9d2-3d7dd303ad63.jpeg";"000000000000000000000001";"19.8";"Point";"Sun May 09 20:06:53 CEST 2021";"0.5";"609824bdb31b0a267849e3f9";"0"
"5.300000190734863";"true";"1";"9.06363";"Mon May 10 15:10:35 CEST 2021";"Mon May 10 15:10:35 CEST 2021";"WGS 84";"false";"10";"uploads/fc182148-1e25-4bc0-bfbd-d8f1479eab84.jpeg";"000000000000000000000001";"19.8";"Point";"Mon May 10 15:10:35 CEST 2021";"2.7";"609930cbb31b0a267849e3fb";"0"
"0.0";"";"1";"9.06995201163227";"Tue May 11 20:11:38 CEST 2021";"Tue May 11 20:11:00 CEST 2021";"WGS 84";"false";"";"";"000000000000000000000001";"0.0";"Point";"Tue May 11 20:11:38 CEST 2021";"0.0";"609ac8daa00f21327d0accaa";"0"
"0.0";"";"1";"8.547325559264145";"Thu May 13 07:53:40 CEST 2021";"Thu May 13 07:53:40 CEST 2021";"WGS 84";"false";"";"uploads/9c453742-3201-440a-a058-81752271d275.jpeg";"000000000000000000000002";"9.4";"Point";"Thu May 13 07:53:40 CEST 2021";"2.7";"609cbee4b31b0a267849e3ff";"0"
"98.4000015258789";"";"1";"9.38979249";"Sat May 15 15:45:36 CEST 2021";"Sat May 15 15:45:36 CEST 2021";"WGS 84";"false";"";"uploads/cbe96ddc-38bb-428f-8757-65cfc3dc7dbf.jpeg";"000000000000000000000001";"15.5";"Point";"Sat May 15 15:45:36 CEST 2021";"1.3";"609fd080b31b0a267849e405";"0"
"13.652999877929688";"";"1";"9.38970399";"Sat May 15 16:01:05 CEST 2021";"Sat May 15 16:01:05 CEST 2021";"WGS 84";"false";"";"uploads/ca68d39d-99f9-4ddc-beaa-f9ac3d10c2a4.jpeg";"000000000000000000000001";"15.6";"Point";"Sat May 15 16:01:05 CEST 2021";"2.2";"609fd421b31b0a267849e406";"0"
"2099.9990234375";"";"1";"9.3899267";"Sat May 15 16:08:32 CEST 2021";"Sat May 15 16:08:32 CEST 2021";"WGS 84";"false";"";"uploads/853d7129-3855-4523-b89c-2e9589c7d3d4.jpeg";"000000000000000000000001";"15.7";"Point";"Sat May 15 16:08:32 CEST 2021";"1.9";"609fd5e0b31b0a267849e407";"0"
"8.001208273680877";"";"1";"9.389837989716224";"Sat May 15 17:27:38 CEST 2021";"Sat May 15 17:27:38 CEST 2021";"WGS 84";"false";"";"uploads/c0d9bc3e-142f-475a-8933-b3195a471e66.jpeg";"000000000000000000000001";"15.9";"Point";"Sat May 15 17:27:38 CEST 2021";"1.8";"609fe86ab31b0a267849e408";"0"
"0.0";"";"1";"8.537857532501222";"Sun May 16 08:15:40 CEST 2021";"Sun May 16 08:15:40 CEST 2021";"WGS 84";"";"";"uploads/ee79ac83-fe55-44d7-8e60-bd31ab6d5e1f.jpeg";"000000000000000000000002";"12.6";"Point";"Sun May 16 08:15:40 CEST 2021";"1.5";"60a0b88cb31b0a267849e409";"0"
"0.0";"";"1";"8.599032011310582";"Sun May 16 10:23:29 CEST 2021";"Sun May 16 10:23:29 CEST 2021";"WGS 84";"false";"";"uploads/7111332d-08db-43d6-b3ad-949b86ef3084.jpeg";"000000000000000000000002";"16.7";"Point";"Sun May 16 10:23:29 CEST 2021";"0.9";"60a0d681b31b0a267849e40a";"0"
"165.0";"";"1";"8.540757844664377";"Mon May 17 07:43:49 CEST 2021";"Mon May 17 07:43:49 CEST 2021";"WGS 84";"";"";"uploads/2aef34a1-81a7-4d0e-ae88-c6979bc03b36.jpeg";"000000000000000000000002";"10.8";"Point";"Mon May 17 07:43:49 CEST 2021";"2.2";"60a20295b31b0a267849e40b";"0"
"4.083000183105469";"";"1";"9.2707924";"Mon May 17 09:24:01 CEST 2021";"Mon May 17 09:24:01 CEST 2021";"WGS 84";"false";"";"uploads/80e588a1-c2ce-40fe-a88b-8f87be20de75.jpeg";"000000000000000000000001";"14.2";"Point";"Mon May 17 09:24:01 CEST 2021";"0.9";"60a21a11b31b0a267849e40c";"0"
"3.7899999618530273";"";"1";"8.5436308";"Mon May 17 14:29:47 CEST 2021";"Mon May 17 14:29:47 CEST 2021";"WGS 84";"";"";"uploads/e7dc80d9-a350-449b-80f1-931374ac109e.jpeg";"000000000000000000000002";"21.5";"Point";"Mon May 17 14:29:47 CEST 2021";"2.7";"60a261bbb31b0a267849e40d";"0"
"1.600000023841858";"";"1";"8.540863333333334";"Mon May 17 15:08:28 CEST 2021";"Mon May 17 15:08:28 CEST 2021";"WGS 84";"";"";"uploads/218b8040-72fc-4e11-87ee-40c1b5dc5203.jpeg";"000000000000000000000002";"21.7";"Point";"Mon May 17 15:08:28 CEST 2021";"2.7";"60a26accb31b0a267849e40e";"0"
"0.0";"";"1";"8.533287048339846";"Mon May 17 15:28:02 CEST 2021";"Mon May 17 15:28:02 CEST 2021";"WGS 84";"";"";"uploads/c9b0c104-85df-4891-bed4-5d793e8be449.jpeg";"000000000000000000000002";"21.9";"Point";"Mon May 17 15:28:02 CEST 2021";"4.0";"60a26f62b31b0a267849e40f";"0"
"1.7999999523162842";"";"1";"8.537876666666667";"Mon May 17 15:30:20 CEST 2021";"Mon May 17 15:30:20 CEST 2021";"WGS 84";"";"";"uploads/d305992a-244f-4a27-b076-4d0c625ec1bd.jpeg";"000000000000000000000002";"21.9";"Point";"Mon May 17 15:30:20 CEST 2021";"4.0";"60a26fecb31b0a267849e410";"0"
"0.0";"";"1";"8.542256355285646";"Mon May 17 15:43:46 CEST 2021";"Mon May 17 15:43:46 CEST 2021";"WGS 84";"";"";"uploads/3367a892-0ff8-4d63-97b5-c932a1b8aa51.jpeg";"000000000000000000000002";"21.7";"Point";"Mon May 17 15:43:46 CEST 2021";"6.3";"60a27312b31b0a267849e411";"0"
"7.199999809265137";"";"1";"8.548341666666666";"Mon May 17 15:43:51 CEST 2021";"Mon May 17 15:43:51 CEST 2021";"WGS 84";"";"";"uploads/2664ef19-2823-4867-b450-0a7549cee3e7.jpeg";"000000000000000000000002";"21.8";"Point";"Mon May 17 15:43:51 CEST 2021";"0.9";"60a27317b31b0a267849e412";"0"
"1.399999976158142";"";"1";"8.554081666666667";"Mon May 17 16:00:35 CEST 2021";"Mon May 17 16:00:35 CEST 2021";"WGS 84";"";"";"uploads/5b92baf0-fb3a-4977-82cc-4c3edab54831.jpeg";"000000000000000000000002";"21.7";"Point";"Mon May 17 16:00:35 CEST 2021";"0.9";"60a27703b31b0a267849e413";"0"
"2.299999952316284";"";"1";"8.566633333333334";"Mon May 17 16:18:46 CEST 2021";"Mon May 17 16:18:46 CEST 2021";"WGS 84";"";"";"uploads/39e4df56-26fd-4b52-bf93-7b573f352e49.jpeg";"000000000000000000000002";"21.7";"Point";"Mon May 17 16:18:46 CEST 2021";"2.2";"60a27b46b31b0a267849e414";"0"
"2.0";"";"1";"8.566609999999999";"Mon May 17 16:20:11 CEST 2021";"Mon May 17 16:20:11 CEST 2021";"WGS 84";"";"";"uploads/58b43cef-c76f-496f-b88b-f7ca5715dfe2.jpeg";"000000000000000000000002";"21.6";"Point";"Mon May 17 16:20:11 CEST 2021";"2.2";"60a27b9bb31b0a267849e415";"0"
"2.299999952316284";"";"1";"8.566541666666666";"Mon May 17 16:23:04 CEST 2021";"Mon May 17 16:23:04 CEST 2021";"WGS 84";"";"";"uploads/c22f7e0d-1363-4704-b642-4a324cb49db7.jpeg";"000000000000000000000002";"21.7";"Point";"Mon May 17 16:23:04 CEST 2021";"2.2";"60a27c48b31b0a267849e416";"0"
"16.62299919128418";"";"1";"9.1291146";"Mon May 17 17:36:50 CEST 2021";"Mon May 17 17:36:50 CEST 2021";"WGS 84";"";"";"uploads/29e01e14-a8f3-48a7-a75c-abf1646b6a8d.jpeg";"000000000000000000000001";"20.6";"Point";"Mon May 17 17:36:50 CEST 2021";"1.5";"60a28d92b31b0a267849e418";"0"
"14.319999694824219";"";"1";"9.1266334";"Mon May 17 20:53:38 CEST 2021";"Mon May 17 20:53:38 CEST 2021";"WGS 84";"";"";"uploads/c6c05d09-9ab6-455c-a9f6-49e506a7af93.jpeg";"000000000000000000000001";"16.2";"Point";"Mon May 17 20:53:38 CEST 2021";"2.1";"60a2bbb2b31b0a267849e419";"0"
"3.2160000801086426";"";"1";"8.54082662";"Tue May 18 07:48:10 CEST 2021";"Tue May 18 07:48:10 CEST 2021";"WGS 84";"";"";"uploads/8a8d54f5-8c8d-4063-b7bc-90bf9f2bb536.jpeg";"000000000000000000000002";"13.4";"Point";"Tue May 18 07:48:10 CEST 2021";"0.9";"60a3551ab31b0a267849e41a";"0"
"19.0";"";"1";"8.5408142";"Wed May 19 07:15:33 CEST 2021";"Wed May 19 07:15:33 CEST 2021";"WGS 84";"";"";"uploads/a94f1fec-ad4c-4a53-ab47-673e9d9e30e9.jpeg";"000000000000000000000002";"9.2";"Point";"Wed May 19 07:15:33 CEST 2021";"0.5";"60a49ef5b31b0a267849e41b";"0"
"2.799999952316284";"";"1";"8.540826666666668";"Wed May 19 15:12:37 CEST 2021";"Wed May 19 15:12:37 CEST 2021";"WGS 84";"";"";"uploads/a503aac6-4b3b-4da8-b9e3-0d15aebc1efa.jpeg";"000000000000000000000002";"21.3";"Point";"Wed May 19 15:12:37 CEST 2021";"2.7";"60a50ec5b31b0a267849e41c";"0"
"1.5";"";"1";"8.540851666666667";"Wed May 19 15:15:36 CEST 2021";"Wed May 19 15:15:36 CEST 2021";"WGS 84";"";"";"uploads/216d731b-8e18-43ff-a3ea-ba5a517fa38c.jpeg";"000000000000000000000002";"21.3";"Point";"Wed May 19 15:15:36 CEST 2021";"2.7";"60a50f78b31b0a267849e41d";"0"
"22.700000762939453";"";"1";"8.537858333333332";"Wed May 19 15:28:04 CEST 2021";"Wed May 19 15:28:04 CEST 2021";"WGS 84";"";"";"uploads/cb6d32a3-b37a-431f-9ac9-23c00e1beb31.jpeg";"000000000000000000000002";"21.4";"Point";"Wed May 19 15:28:04 CEST 2021";"7.2";"60a51264b31b0a267849e41e";"0"
"1.2999999523162842";"";"1";"8.537881666666667";"Wed May 19 15:29:21 CEST 2021";"Wed May 19 15:29:21 CEST 2021";"WGS 84";"";"";"uploads/f6a8ae2d-d8c4-4b9f-b55f-3b6a12007393.jpeg";"000000000000000000000002";"21.1";"Point";"Wed May 19 15:29:21 CEST 2021";"7.2";"60a512b1b31b0a267849e41f";"0"
"3.0";"";"1";"8.548413333333334";"Wed May 19 15:44:55 CEST 2021";"Wed May 19 15:44:55 CEST 2021";"WGS 84";"";"";"uploads/23717c7e-25f6-4ca3-b728-72b896015846.jpeg";"000000000000000000000002";"21.2";"Point";"Wed May 19 15:44:55 CEST 2021";"5.4";"60a51657b31b0a267849e420";"0"
"3.7899999618530273";"";"1";"8.5540045";"Wed May 19 15:54:23 CEST 2021";"Wed May 19 15:54:23 CEST 2021";"WGS 84";"";"";"uploads/a7fd8c54-409d-45a5-9445-008e88607187.jpeg";"000000000000000000000002";"21.5";"Point";"Wed May 19 15:54:23 CEST 2021";"5.4";"60a5188fb31b0a267849e421";"0"
"3.0";"";"1";"8.56647";"Wed May 19 16:09:49 CEST 2021";"Wed May 19 16:09:49 CEST 2021";"WGS 84";"";"";"uploads/ecf2e901-03b6-4c39-b9c1-e79f01abe24d.jpeg";"000000000000000000000002";"21.0";"Point";"Wed May 19 16:09:49 CEST 2021";"3.1";"60a51c2db31b0a267849e422";"0"
"8.168000221252441";"";"1";"8.5407935";"Thu May 20 08:26:45 CEST 2021";"Thu May 20 08:26:45 CEST 2021";"WGS 84";"";"";"uploads/b57129d0-52c7-4a2a-8503-603b7cc5b3bc.jpeg";"000000000000000000000002";"13.7";"Point";"Thu May 20 08:26:45 CEST 2021";"3.2";"60a60125b31b0a267849e423";"0"
"16.75";"";"1";"9.0669955";"Thu May 20 12:31:29 CEST 2021";"Thu May 20 12:31:29 CEST 2021";"WGS 84";"false";"";"uploads/494d427d-7c49-45f0-92eb-ca0c2794fd50.jpeg";"000000000000000000000001";"21.4";"Point";"Thu May 20 12:31:29 CEST 2021";"4.5";"60a63a81b31b0a267849e425";"0"
"11.0";"";"1";"9.0683819";"Thu May 20 13:30:33 CEST 2021";"Thu May 20 13:30:33 CEST 2021";"WGS 84";"false";"";"uploads/e139996d-0c16-4f11-adeb-d5fcf2ca4edc.jpeg";"000000000000000000000001";"22.1";"Point";"Thu May 20 13:30:33 CEST 2021";"1.0";"60a64859b31b0a267849e426";"0"
"7.0";"";"1";"8.540813333333334";"Fri May 21 14:21:53 CEST 2021";"Fri May 21 14:21:53 CEST 2021";"WGS 84";"";"";"uploads/e2f1982d-53e9-4a4b-ae27-1080fbe3df3c.jpeg";"000000000000000000000002";"19.7";"Point";"Fri May 21 14:21:53 CEST 2021";"1.8";"60a7a5e1b31b0a267849e427";"0"
"16.5";"";"1";"9.2771981";"Fri May 21 17:25:14 CEST 2021";"Fri May 21 17:25:14 CEST 2021";"WGS 84";"false";"";"uploads/3a3d5088-6938-44f5-9138-7fc776171902.jpeg";"000000000000000000000001";"20.4";"Point";"Fri May 21 17:25:14 CEST 2021";"1.9";"60a7d0dab31b0a267849e428";"0"
"3.9000000953674316";"";"1";"9.2807869";"Fri May 21 17:43:33 CEST 2021";"Fri May 21 17:43:33 CEST 2021";"WGS 84";"false";"";"uploads/348354ce-28f9-4d46-8ccd-ca1e34255e93.jpeg";"000000000000000000000001";"19.8";"Point";"Fri May 21 17:43:33 CEST 2021";"1.8";"60a7d525b31b0a267849e429";"0"
"3.938110828399658";"";"1";"9.06808485";"Sat May 22 10:08:11 CEST 2021";"Sat May 22 10:08:11 CEST 2021";"WGS 84";"false";"";"uploads/c7abe176-ca7f-40c3-92f2-4840d14d2cc1.jpeg";"000000000000000000000001";"13.8";"Point";"Sat May 22 10:08:11 CEST 2021";"0.5";"60a8bbebb31b0a267849e42a";"0"
"4.599999904632568";"true";"1";"9.077373333333332";"Sat May 22 17:46:31 CEST 2021";"Sat May 22 17:46:31 CEST 2021";"WGS 84";"false";"2";"uploads/f614c479-b6d7-4a5b-8f70-e05b524b3200.jpeg";"000000000000000000000001";"15.4";"Point";"Sat May 22 17:46:31 CEST 2021";"0.7";"60a92757b31b0a267849e42c";"0"
"4.398480763880082";"";"1";"8.591820167336213";"Sun May 23 09:05:36 CEST 2021";"Sun May 23 09:05:36 CEST 2021";"WGS 84";"false";"";"uploads/dc02d505-537c-4d9c-aa9d-5a0427d83089.jpeg";"000000000000000000000002";"14.8";"Point";"Sun May 23 09:05:36 CEST 2021";"1.8";"60a9fec0b31b0a267849e42d";"0"
"0.0";"";"1";"9.151611328125002";"Sun May 23 10:58:06 CEST 2021";"Sun May 23 10:58:06 CEST 2021";"WGS 84";"";"";"uploads/8af0c344-8f21-49cf-82bf-794374bf1f8e.jpeg";"000000000000000000000001";"15.5";"Point";"Sun May 23 10:58:06 CEST 2021";"0.9";"60aa191eb31b0a267849e42e";"0"
"7.072000026702881";"";"1";"9.0430528";"Sun May 23 15:25:05 CEST 2021";"Sun May 23 15:25:05 CEST 2021";"WGS 84";"";"";"";"000000000000000000000001";"22.5";"Point";"Sun May 23 15:25:05 CEST 2021";"2.2";"60aa57b1b31b0a267849e42f";"0"
"5.0";"";"1";"9.066823767506579";"Sun May 23 21:04:04 CEST 2021";"Sun May 23 21:04:04 CEST 2021";"WGS 84";"false";"";"uploads/20f98dde-7a85-496d-a49b-fb844d7d8923.jpeg";"000000000000000000000001";"21.0";"Point";"Sun May 23 21:04:04 CEST 2021";"1.8";"60aaa724b31b0a267849e431";"0"
"5.0";"";"1";"9.072797801354037";"Sun May 23 21:29:30 CEST 2021";"Sun May 23 21:29:30 CEST 2021";"WGS 84";"";"";"uploads/ff4cda09-0287-421e-bc29-45a9f80a6ad1.jpeg";"000000000000000000000001";"18.2";"Point";"Sun May 23 21:29:30 CEST 2021";"0.9";"60aaad1ab31b0a267849e433";"0"
"8.001208273680877";"";"1";"8.541300092304212";"Mon May 24 07:35:57 CEST 2021";"Mon May 24 07:35:57 CEST 2021";"WGS 84";"";"";"uploads/f2cedf78-44c6-4663-8d53-c9e434f02f69.jpeg";"000000000000000000000002";"14.4";"Point";"Mon May 24 07:35:57 CEST 2021";"0.8";"60ab3b3db31b0a267849e434";"0"
"0.0";"";"1";"8.540861606597902";"Tue May 25 08:06:46 CEST 2021";"Tue May 25 08:06:46 CEST 2021";"WGS 84";"";"";"uploads/f6a45481-4a9b-4bfc-bafa-cfdb149f99a6.jpeg";"000000000000000000000002";"13.2";"Point";"Tue May 25 08:06:46 CEST 2021";"1.3";"60ac93f6b31b0a267849e435";"0"
"10.399999618530273";"";"1";"8.578706666666667";"Wed May 26 10:25:45 CEST 2021";"Wed May 26 10:25:45 CEST 2021";"WGS 84";"false";"";"uploads/5e684589-6194-4ae8-a333-725672521ecd.jpeg";"000000000000000000000002";"16.8";"Point";"Wed May 26 10:25:45 CEST 2021";"0.5";"60ae0609b31b0a267849e436";"0"
"1700.0";"";"1";"8.5786986";"Wed May 26 10:27:37 CEST 2021";"Wed May 26 10:27:37 CEST 2021";"WGS 84";"false";"";"uploads/399c66cf-07a8-4c06-a9d9-2414ea871a60.jpeg";"000000000000000000000002";"16.8";"Point";"Wed May 26 10:27:37 CEST 2021";"0.5";"60ae0679b31b0a267849e437";"0"
"3.7900924682617188";"";"1";"9.08500656";"Fri May 28 09:43:10 CEST 2021";"Fri May 28 09:43:10 CEST 2021";"WGS 84";"false";"";"uploads/6bc93fa9-9d21-43fd-beaf-e5ec9b090a9a.jpeg";"000000000000000000000001";"17.6";"Point";"Fri May 28 09:43:10 CEST 2021";"0.6";"60b09f0eb31b0a267849e439";"0"
"32.96799850463867";"";"1";"9.07678443";"Fri May 28 11:12:43 CEST 2021";"Fri May 28 11:12:43 CEST 2021";"WGS 84";"false";"";"uploads/1e2d969c-d8ca-46c3-966c-d7f0779bc723.jpeg";"000000000000000000000001";"20.1";"Point";"Fri May 28 11:12:43 CEST 2021";"0.8";"60b0b40bb31b0a267849e43b";"0"
"10.7827787399292";"";"1";"9.07827049";"Fri May 28 11:16:52 CEST 2021";"Fri May 28 11:16:52 CEST 2021";"WGS 84";"false";"";"uploads/642059be-4704-485e-9ff3-adf1522ef60f.jpeg";"000000000000000000000001";"20.2";"Point";"Fri May 28 11:16:52 CEST 2021";"0.8";"60b0b504b31b0a267849e43c";"0"
"0.0";"";"1";"9.08523002445513";"Fri May 28 11:25:36 CEST 2021";"Fri May 28 11:25:36 CEST 2021";"WGS 84";"";"";"uploads/1f74395c-502c-44f2-b2fa-8d040bc3df54.jpeg";"000000000000000000000001";"20.1";"Point";"Fri May 28 11:25:36 CEST 2021";"0.8";"60b0b710b31b0a267849e43d";"0"
"67.76100158691406";"";"1";"8.6187121";"Sat May 29 19:06:30 CEST 2021";"Sat May 29 19:06:30 CEST 2021";"WGS 84";"false";"";"uploads/6d6c3f30-5769-4d8c-934e-e62c403ce3f7.jpeg";"000000000000000000000003";"23.5";"Point";"Sat May 29 19:06:30 CEST 2021";"0.7";"60b27496b31b0a267849e43f";"0"
"3.7900924682617188";"";"1";"9.19711357";"Sat Jun 05 17:36:26 CEST 2021";"Sat Jun 05 17:36:26 CEST 2021";"WGS 84";"";"";"uploads/bd7c9312-cbcc-4d92-be6c-0e998aa830ee.jpeg";"000000000000000000000001";"23.4";"Point";"Sat Jun 05 17:36:26 CEST 2021";"0.4";"60bb99fab31b0a267849e444";"0"
"23.71299934387207";"true";"1";"9.11332739";"Sat Jun 12 11:58:18 CEST 2021";"Sat Jun 12 11:58:18 CEST 2021";"WGS 84";"false";"2";"uploads/827a0122-379a-4415-ae0b-95463a9bace6.jpeg";"000000000000000000000001";"26.7";"Point";"Sat Jun 12 11:58:18 CEST 2021";"1.9";"60c4853ab31b0a267849e447";"0"
"24.000000000000004";"";"1";"9.082726560679891";"Sun Jun 13 12:27:16 CEST 2021";"Sun Jun 13 12:27:16 CEST 2021";"WGS 84";"false";"";"uploads/3847d0d8-3e17-43b8-b7be-32cde2b04ad0.jpeg";"000000000000000000000001";"31.6";"Point";"Sun Jun 13 12:27:16 CEST 2021";"1.3";"60c5dd84b31b0a267849e44a";"0"
"8.001208273680877";"";"1";"9.083271346914813";"Sun Jun 13 12:28:30 CEST 2021";"Sun Jun 13 12:28:30 CEST 2021";"WGS 84";"false";"";"uploads/4675845f-7bde-461f-861f-0dc9fe4bccb5.jpeg";"000000000000000000000001";"31.6";"Point";"Sun Jun 13 12:28:30 CEST 2021";"1.3";"60c5ddceb31b0a267849e44b";"0"
"0.0";"";"1";"8.451468944549562";"Sun Jun 13 12:31:40 CEST 2021";"Sun Jun 13 12:31:40 CEST 2021";"WGS 84";"false";"";"uploads/cb03ab05-ea24-4671-8277-ff53e7be1a6a.jpeg";"000000000000000000000002";"31.5";"Point";"Sun Jun 13 12:31:40 CEST 2021";"0.9";"60c5de8cb31b0a267849e44c";"0"
"35.375999450683594";"";"1";"9.58488209";"Mon Jun 14 09:53:27 CEST 2021";"Mon Jun 14 09:53:27 CEST 2021";"WGS 84";"false";"";"uploads/82556abf-b4f7-413d-8e08-1d770ae810a7.jpeg";"";"23.8";"Point";"Mon Jun 14 09:53:27 CEST 2021";"1.6";"60c70af7b31b0a267849e44e";"0"
"3.9000000953674316";"";"1";"9.3103633";"Wed Jun 16 10:13:51 CEST 2021";"Wed Jun 16 10:13:51 CEST 2021";"WGS 84";"false";"";"uploads/42136b2f-090f-46f6-a15e-25c1f040d074.jpeg";"000000000000000000000001";"24.3";"Point";"Wed Jun 16 10:13:51 CEST 2021";"0.5";"60c9b2bfb31b0a267849e453";"0"
"3.5999999046325684";"true";"1";"9.310325";"Wed Jun 16 10:18:30 CEST 2021";"Wed Jun 16 10:18:30 CEST 2021";"WGS 84";"false";"";"uploads/5fdb8912-e964-4e74-8beb-b528167dd146.jpeg";"000000000000000000000001";"24.4";"Point";"Wed Jun 16 10:18:30 CEST 2021";"0.5";"60c9b3d6b31b0a267849e454";"0"
"17.89900016784668";"true";"1";"9.3109038";"Wed Jun 16 10:22:33 CEST 2021";"Wed Jun 16 10:22:33 CEST 2021";"WGS 84";"false";"0";"uploads/2a738c6a-095c-4dfd-9e97-2fafe217fe3d.jpeg";"000000000000000000000001";"24.4";"Point";"Wed Jun 16 10:22:33 CEST 2021";"0.5";"60c9b4c9b31b0a267849e455";"0"
"8.576000213623047";"";"1";"9.39978988";"Thu Jun 17 20:22:51 CEST 2021";"Thu Jun 17 20:22:51 CEST 2021";"WGS 84";"false";"";"uploads/27a6d375-1696-4ec1-8873-ab272fea08df.jpeg";"000000000000000000000001";"28.1";"Point";"Thu Jun 17 20:22:51 CEST 2021";"0.5";"60cb92fbb31b0a267849e458";"0"
"0.0";"";"1";"8.536633";"Fri Jun 18 06:56:08 CEST 2021";"Wed Jun 16 09:30:00 CEST 2021";"WGS 84";"false";"";"uploads/477743b8-3d6f-4979-be48-6fe3a9441f8d.jpeg";"";"0.0";"Point";"Fri Jun 18 07:05:27 CEST 2021";"0.0";"60cc2768a00f21327d0b5e8f";"0"
"0.0";"";"1";"8.608903884887697";"Fri Jun 18 07:06:02 CEST 2021";"Wed Jun 16 11:00:00 CEST 2021";"WGS 84";"";"";"";"000000000000000000000003";"0.0";"Point";"Fri Jun 18 07:06:02 CEST 2021";"0.0";"60cc29baa00f21327d0b5e92";"0"
"0.0";"";"1";"8.550104196144012";"Mon Jun 21 16:02:02 CEST 2021";"Mon Jun 21 16:02:02 CEST 2021";"WGS 84";"false";"";"uploads/47cd7537-4ec7-494a-af7d-6c2ccba698e4.jpeg";"000000000000000000000002";"28.5";"Point";"Mon Jun 21 16:02:02 CEST 2021";"0.9";"60d09bdab31b0a267849e45c";"0"
"9.571000099182129";"";"1";"9.0765171";"Mon Jun 21 20:39:10 CEST 2021";"Mon Jun 21 20:39:10 CEST 2021";"WGS 84";"false";"";"uploads/48dfc3cc-adb2-4f29-848e-fa96f8ee3611.jpeg";"000000000000000000000001";"24.0";"Point";"Mon Jun 21 20:39:10 CEST 2021";"3.1";"60d0dcceb31b0a267849e45d";"0"
"4.367000102996826";"";"1";"9.0775039";"Mon Jun 21 20:41:31 CEST 2021";"Mon Jun 21 20:41:31 CEST 2021";"WGS 84";"false";"";"uploads/11f72fbb-33e5-4503-b2ce-8f83cb3bde02.jpeg";"000000000000000000000001";"24.0";"Point";"Mon Jun 21 20:41:31 CEST 2021";"3.1";"60d0dd5bb31b0a267849e45e";"0"
"63.141998291015625";"";"1";"9.0786977";"Mon Jun 21 20:43:51 CEST 2021";"Mon Jun 21 20:43:51 CEST 2021";"WGS 84";"false";"";"uploads/7719dd0c-9a54-493c-b937-82cfabe5536b.jpeg";"000000000000000000000001";"24.0";"Point";"Mon Jun 21 20:43:51 CEST 2021";"3.1";"60d0dde7b31b0a267849e45f";"0"
"16.0";"";"1";"9.066965088225553";"Sun Jun 27 18:59:40 CEST 2021";"Sun Jun 27 18:59:40 CEST 2021";"WGS 84";"false";"";"uploads/d2071d8f-1024-4aab-8db4-b925aec0036d.jpeg";"000000000000000000000001";"29.8";"Point";"Sun Jun 27 18:59:40 CEST 2021";"1.3";"60d8ae7cb31b0a267849e460";"0"
"24.000000000000004";"";"1";"8.707760351779418";"Wed Jun 30 13:46:24 CEST 2021";"Wed Jun 30 13:46:24 CEST 2021";"WGS 84";"";"";"uploads/b0351b37-a0a4-41de-a844-e6b3217c5c6b.jpeg";"000000000000000000000002";"26.7";"Point";"Wed Jun 30 13:46:24 CEST 2021";"2.1";"60dc5990b31b0a267849e461";"0"
"0.0";"";"1";"9.399206042289736";"Wed Jun 30 19:14:00 CEST 2021";"Wed Jun 30 19:14:00 CEST 2021";"WGS 84";"false";"";"uploads/f053116c-2800-4863-bf93-86825a2df99d.jpeg";"";"20.0";"Point";"Wed Jun 30 19:14:00 CEST 2021";"0.8";"60dca658b31b0a267849e462";"0"
"16.002416547361754";"";"1";"8.70767257448988";"Sat Jul 03 15:22:57 CEST 2021";"Sat Jul 03 15:22:57 CEST 2021";"WGS 84";"";"";"uploads/ed136615-2ffe-49bb-8365-71c334d1e097.jpeg";"000000000000000000000002";"27.3";"Point";"Sat Jul 03 15:22:57 CEST 2021";"1.0";"60e064b1b31b0a267849e463";"0"
"16.002416547361754";"";"1";"8.70767257448988";"Sat Jul 03 15:23:09 CEST 2021";"Sat Jul 03 15:23:09 CEST 2021";"WGS 84";"";"";"uploads/a9789afb-98e4-42c2-8a79-8b3c36e9f5f8.jpeg";"000000000000000000000002";"27.3";"Point";"Sat Jul 03 15:23:09 CEST 2021";"1.0";"60e064bdb31b0a267849e464";"0"
"16.002416547361754";"";"1";"8.70767257448988";"Sat Jul 03 15:23:19 CEST 2021";"Sat Jul 03 15:23:19 CEST 2021";"WGS 84";"";"";"uploads/7c0ddb5f-12c1-4d95-9514-4eaf647b29f3.jpeg";"000000000000000000000002";"27.3";"Point";"Sat Jul 03 15:23:19 CEST 2021";"1.0";"60e064c7b31b0a267849e465";"0"
"12.001812410521316";"";"1";"8.707700526890557";"Sat Jul 03 15:24:19 CEST 2021";"Sat Jul 03 15:24:19 CEST 2021";"WGS 84";"";"";"uploads/47bda658-471d-42ea-a610-8f147d5e7e25.jpeg";"000000000000000000000002";"27.3";"Point";"Sat Jul 03 15:24:19 CEST 2021";"1.0";"60e06503b31b0a267849e466";"0"
"13.235565220546725";"";"1";"8.44912770249829";"Fri Jul 09 15:29:24 CEST 2021";"Fri Jul 09 15:29:24 CEST 2021";"WGS 84";"false";"";"uploads/ad220f3e-4176-4ba0-b05b-aaa6011f651c.jpeg";"000000000000000000000002";"28.5";"Point";"Fri Jul 09 15:29:24 CEST 2021";"2.2";"60e84f34b31b0a267849e469";"0"
"13.235565220546725";"";"1";"8.44912770249829";"Fri Jul 09 15:29:32 CEST 2021";"Fri Jul 09 15:29:32 CEST 2021";"WGS 84";"false";"";"uploads/ae9f3ff2-7774-4fcc-bc3b-fc283ba0bb6a.jpeg";"000000000000000000000002";"28.5";"Point";"Fri Jul 09 15:29:32 CEST 2021";"2.2";"60e84f3cb31b0a267849e46a";"0"
"13.235565220546725";"";"1";"8.44912770249829";"Fri Jul 09 15:29:47 CEST 2021";"Fri Jul 09 15:29:47 CEST 2021";"WGS 84";"false";"";"uploads/f3f8a785-ec42-49eb-a62c-db2ee6ba1acb.jpeg";"000000000000000000000002";"28.5";"Point";"Fri Jul 09 15:29:47 CEST 2021";"2.2";"60e84f4bb31b0a267849e46b";"0"
"4.65915909779636";"";"1";"8.44912148636058";"Fri Jul 09 15:31:26 CEST 2021";"Fri Jul 09 15:31:26 CEST 2021";"WGS 84";"false";"";"uploads/3712acf7-6883-44c0-abf8-f58cc11c574b.jpeg";"000000000000000000000002";"28.5";"Point";"Fri Jul 09 15:31:26 CEST 2021";"2.2";"60e84faeb31b0a267849e46c";"0"
"165.0";"";"1";"8.449076233971438";"Fri Jul 09 15:33:45 CEST 2021";"Fri Jul 09 15:33:45 CEST 2021";"WGS 84";"false";"";"uploads/0056b4ae-9092-4f38-95e0-6520016c940c.jpeg";"000000000000000000000002";"28.4";"Point";"Fri Jul 09 15:33:45 CEST 2021";"2.2";"60e85039b31b0a267849e46d";"0"
"0.0";"";"1";"8.53841543197632";"Mon Jul 12 07:37:24 CEST 2021";"Sun Jul 11 12:48:00 CEST 2021";"WGS 84";"false";"";"uploads/c0417aae-100d-415e-9bf6-c60b3c18ca17.jpeg";"000000000000000000000002";"0.0";"Point";"Mon Jul 12 07:37:24 CEST 2021";"0.0";"60ebd514a00f21327d0b9a52";"0"
"17.348434448242188";"true";"1";"14.79812906";"Fri Jul 16 11:49:27 CEST 2021";"Fri Jul 16 11:49:27 CEST 2021";"WGS 84";"false";"";"uploads/fcf93130-0cbd-4786-84d3-c1cc285c9575.jpeg";"";"26.4";"Point";"Fri Jul 16 11:49:27 CEST 2021";"5.7";"60f15627b31b0a267849e46f";"0"
"3.904906749725342";"true";"1";"14.79813212";"Fri Jul 16 11:52:07 CEST 2021";"Fri Jul 16 11:52:07 CEST 2021";"WGS 84";"false";"";"uploads/dff8b531-e6be-4f10-b0f7-5db79641aaa0.jpeg";"";"26.4";"Point";"Fri Jul 16 11:52:07 CEST 2021";"5.7";"60f156c7b31b0a267849e470";"0"
"12.001812410521316";"";"1";"8.707703820660429";"Tue Jul 20 14:08:32 CEST 2021";"Tue Jul 20 14:08:32 CEST 2021";"WGS 84";"";"";"uploads/2faaf338-46d9-46d9-a6db-b3ff77a09a39.jpeg";"000000000000000000000002";"31.4";"Point";"Tue Jul 20 14:08:32 CEST 2021";"3.1";"60f6bcc0b31b0a267849e472";"0"
"16.25";"";"1";"9.0673429";"Thu Jul 22 08:06:00 CEST 2021";"Thu Jul 22 08:06:00 CEST 2021";"WGS 84";"false";"";"uploads/07530725-09c6-4a